,trial,time,acetate,biomass,butanol,butyrate,ethanol,Δ acetate,Δ biomass,Δ butanol,Δ butyrate,Δ ethanol,CO,CO2,H2,Flow Rate
1,0,0.0,15.992718552036289,0.40952850678733255,0.10513665158371098,0.06877692307692346,16.239544343891488,19.35386589670438,0.5494368841691166,0.0,0.0,0.0,0.5,0.375,0.125,1
1,0,0.1,17.928105141706727,0.4644721952042442,0.10513665158371098,0.06877692307692346,16.239544343891488,21.794744650774582,0.6187309892553372,0.0,0.0,0.0,0.5,0.375,0.125,1
1,0,0.2,20.107579606784185,0.5263452941297779,0.10513665158371098,0.06877692307692346,16.239544343891488,24.607019908197472,0.698568669391766,0.0,0.0,0.0,0.5,0.375,0.125,1
1,0,0.3,22.56828159760393,0.5962021610689545,0.10513665158371098,0.06877692307692346,16.239544343891488,27.892039037600778,0.7918270749490006,0.0,0.0,0.0,0.5,0.375,0.125,1
1,0,0.4,25.35748550136401,0.6753848685638546,0.10513665158371098,0.06877692307692346,16.239544343891488,31.598861560569603,0.8970600567242217,0.0,0.0,0.0,0.5,0.375,0.125,1
1,0,0.5,28.51737165742097,0.7650908742362768,0.10513665158371098,0.06877692307692346,16.239544343891488,35.75457792686639,1.0150366854750439,0.0,0.0,0.0,0.5,0.375,0.125,1
1,0,0.6,32.09282945010761,0.8665945427837811,0.10513665158371098,0.06877692307692346,16.239544343891488,40.60434124169782,1.1527166125180612,0.0,0.0,0.0,0.5,0.375,0.125,1
1,0,0.7,36.15326357427739,0.9818662040355872,0.10513665158371098,0.06877692307692346,16.239544343891488,45.89432275826378,1.3028938937541146,0.0,0.0,0.0,0.5,0.375,0.125,1
1,0,0.8,40.74269585010377,1.1121555934109988,0.10513665158371098,0.06877692307692346,16.239544343891488,35.65906679919757,1.034314845174036,2.130726289850671e-08,3.339743291641551e-07,0.7745891511127214,0.5,0.375,0.125,1
1,0,0.9,44.30860253002353,1.2155870779284024,0.10513665371443727,0.06877695647435637,16.31700325900276,-3.503119203836037,-0.021174420730851743,7.607347474181127e-08,1.1923909612465702e-06,2.757275462530622,0.5,0.375,0.125,1
1,0,1.0,43.958290609639924,1.2134696358553172,0.10513666132178474,0.0687770757134525,16.592730805255822,-2.6400878976033204,0.0013206557494349614,7.491686035421268e-08,1.1742619532295596e-06,2.686630890593269,0.5,0.375,0.125,1
1,0,1.1,43.69428181987959,1.2136017014302607,0.10513666881347078,0.06877719313964782,16.86139389431515,-2.6292485870134676,0.00018713331516151424,7.498105261682941e-08,1.1752681167154237e-06,2.6358633717178073,0.5,0.375,0.125,1
1,0,1.2,43.431356961178246,1.2136204147617768,0.10513667631157604,0.06877731066645949,17.12498023148693,-2.629248587013462,0.00018713331516151383,7.498105261682924e-08,1.1752681167154211e-06,2.635863371717837,0.5,0.375,0.125,1
1,0,1.3,43.1684321024769,1.213639128093293,0.1051366838096813,0.06877742819327116,17.388566568658714,-2.6292485870133966,0.00018713331516373468,7.498105261682941e-08,1.1752681167154237e-06,2.6358633717178073,0.5,0.375,0.125,1
1,0,1.4,42.90550724377556,1.2136578414248094,0.10513669130778656,0.06877754572008284,17.652152905830494,-2.629248587013391,0.00018713331516151383,7.498105275560711e-08,1.1752681167154211e-06,2.6358633717178725,0.5,0.375,0.125,1
1,0,1.5,42.64258238507422,1.2136765547563255,0.10513669880589184,0.06877766324689451,17.91573924300228,-2.5975101061299433,0.00010558257306003673,7.498603765698768e-08,1.1753462565711182e-06,2.6012522746511713,0.5,0.375,0.125,1
1,0,1.6,42.382831374461226,1.2136871130136315,0.1051367063044956,0.06877778078152016,18.1758644704674,-2.5791632585816195,5.844109083108514e-05,7.498891951840402e-08,1.1753914264112112e-06,2.5812448734246054,0.5,0.375,0.125,1
1,0,1.7,42.124915048603064,1.2136929571227146,0.10513671380338756,0.0687778983206628,18.43398895780986,-2.5649441001571893,2.1905538738486976e-05,7.499115314835152e-08,1.1754264338248433e-06,2.56573875407877,0.5,0.375,0.125,1
1,0,1.8,41.868420638587345,1.2136951476765885,0.10513672130250287,0.06877801586330619,18.690562833217736,-2.5507249417326996,-1.4630013351890645e-05,7.499338663952148e-08,1.1754614412384804e-06,2.550232634732769,0.5,0.375,0.125,1
1,0,1.9,41.613348144414076,1.2136936846752533,0.10513672880184154,0.06877813340945031,18.945586096691013,-2.5380593296365084,2.164327114417828e-05,7.499136422950408e-08,1.1754297445099027e-06,2.538844745270088,0.5,0.375,0.125,1
1,0,2.0,41.359542211450425,1.2136958490023677,0.10513673630097796,0.06877825095242476,19.199470571218022,-2.525576656338797,6.649020471982675e-05,7.498884110890274e-08,1.1753901926758726e-06,2.5279418004858534,0.5,0.375,0.125,1
1,0,2.1,41.106984545816545,1.2137024980228397,0.10513674379986207,0.06877836849144403,19.452264751266608,-2.511886740984506,5.475827228096359e-05,7.498962464880237e-08,1.175402476322195e-06,2.5138386290849346,0.5,0.375,0.125,1
1,0,2.2,40.855795871718094,1.2137079738500678,0.10513675129882454,0.06877848603169166,19.7036486141751,-2.498196825630865,4.3026339842100625e-05,7.49904083274802e-08,1.1754147598297447e-06,2.499735457683885,0.5,0.375,0.125,1
1,0,2.3,40.60597618915501,1.213712276484052,0.10513675879786537,0.06877860357316765,19.95362215994349,-2.484506910276847,3.1294407403237274e-05,7.499119200615738e-08,1.1754270433372838e-06,2.4856322862830615,0.5,0.375,0.125,1
1,0,2.4,40.35752549812732,1.2137154059247923,0.10513676629698457,0.06877872111587198,20.202185388571795,-2.470816994922982,1.9562474971035454e-05,7.499197568483489e-08,1.1754393265672725e-06,2.4715291148820717,0.5,0.375,0.125,1
1,0,2.5,40.110443798635025,1.2137173621722894,0.10513677379618214,0.06877883865980464,20.449338300060003,-2.457127079569259,7.830542532172295e-06,7.49927593635124e-08,1.175451610074817e-06,2.4574259434811885,0.5,0.375,0.125,1
1,0,2.6,39.8647310906781,1.2137181452265426,0.10513678129545807,0.06877895620496564,20.69508089440812,-2.443437164215181,-3.901389906690863e-06,7.499354290341203e-08,1.1754638935823614e-06,2.443322772080092,0.5,0.375,0.125,1
1,0,2.7,39.62038737425658,1.213717755087552,0.10513678879481236,0.068779073751355,20.93941317161613,-2.4297472488613265,-1.5633322343333643e-05,7.499432672086774e-08,1.1754761770899112e-06,2.4292196006792905,0.5,0.375,0.125,1
1,0,2.8,39.37741264937045,1.2137161917553176,0.10513679629424504,0.06877919129897271,21.18233513168406,-2.41605733350738,-2.7365254782196734e-05,7.499511039954492e-08,1.1754884604586724e-06,2.4151164292782545,0.5,0.375,0.125,1
1,0,2.9,39.13580691601971,1.2137134552298394,0.10513680379375608,0.06877930884781876,21.423846774611885,-2.4020542247941967,-2.98806368137505e-05,7.499528054122344e-08,1.1754911284633785e-06,2.401024716506688,0.5,0.375,0.125,1
1,0,3.0,38.89560149354029,1.213710467166158,0.10513681129328413,0.0687794263969316,21.663949246262554,-2.3867814323149594,4.967814324352555e-06,7.499296392210468e-08,1.1754548155662448e-06,2.3869794569405633,0.5,0.375,0.125,1
1,0,3.1,38.656923350308794,1.2137109639475905,0.10513681879258052,0.06877954394241316,21.90264719195661,-2.372768028153869,2.7554033166232702e-06,7.499311380221301e-08,1.1754571677125004e-06,2.3728881208425157,0.5,0.375,0.125,1
1,0,3.2,38.41964654749341,1.2137112394879221,0.1051368262918919,0.06877966148812993,22.139936004040862,-2.358754623993073,5.429923022326496e-07,7.499326395987742e-08,1.1754595191648718e-06,2.3587967847446563,0.5,0.375,0.125,1
1,0,3.3,38.1837710850941,1.2137112937871524,0.1051368337912183,0.06877977903408185,22.375815682515327,-2.344741219832114,-1.6694187054966377e-06,7.499341397876329e-08,1.175461871311122e-06,2.3447054486466334,0.5,0.375,0.125,1
1,0,3.4,37.94929696311089,1.2137111268452818,0.1051368412905597,0.06877989658026898,22.61028622737999,-2.3307278156711653,-3.881829713225923e-06,7.499356399764949e-08,1.1754642233185997e-06,2.330614112548657,0.5,0.375,0.125,1
1,0,3.5,37.71622418154377,1.2137107386623105,0.1051368487899161,0.06878001412669131,22.843347638634857,-2.31671441151043,-6.094240729836992e-06,7.499371429409145e-08,1.1754665751872995e-06,2.3165227764508223,0.5,0.375,0.125,1
1,0,3.6,37.48455274039273,1.2137101292382375,0.10513685628928753,0.06878013167334883,23.07499991627994,-2.3027010073494103,-8.306651730904939e-06,7.49938640354219e-08,1.1754689269172214e-06,2.302431440352739,0.5,0.375,0.125,1
1,0,3.7,37.25428263965779,1.2137092985730644,0.10513686378867393,0.06878024922024152,23.305243060315213,-2.288687603188543,-1.0519062743075162e-05,7.499401391553055e-08,1.1754712792022601e-06,2.2883401042549147,0.5,0.375,0.125,1
1,0,3.8,37.025413879338934,1.2137082466667901,0.10513687128807532,0.06878036676736944,23.534077070740704,-2.2746741990275843,-1.2731473755245292e-05,7.499416448952794e-08,1.1754736307933989e-06,2.274248768156928,0.5,0.375,0.125,1
1,0,3.9,36.797946459436176,1.2137069735194146,0.10513687878749177,0.06878048431473252,23.761501947556397,-2.260660794866778,-1.4943884762974577e-05,7.499431436963626e-08,1.1754759829396544e-06,2.26015743205888,0.5,0.375,0.125,1
1,0,4.0,36.5718803799495,1.2137054791309383,0.1051368862869232,0.06878060186233081,23.987517690762285,-2.248083205076491,-6.595318862157053e-06,7.499367987717802e-08,1.1754660425578087e-06,2.2478739195731814,0.5,0.375,0.125,1
1,0,4.1,36.34707205944185,1.213704819599052,0.1051368937862912,0.06878071940893507,24.212305082719602,-2.2346502094749234,-4.538597648817675e-06,7.499351334372366e-08,1.1754634254845734e-06,2.234513371744088,0.5,0.375,0.125,1
1,0,4.2,36.123607038494356,1.2137043657392872,0.10513690128564253,0.06878083695527762,24.435756419894012,-2.2209467002706242,-4.471609913458979e-06,7.49934939148214e-08,1.1754631246141443e-06,2.220812222170893,0.5,0.375,0.125,1
1,0,4.3,35.901512368467294,1.2137039185782958,0.10513690878499192,0.06878095450159008,24.6578376421111,-2.207243191065859,-4.40462217365931e-06,7.499347476347356e-08,1.1754628231885825e-06,2.207111072597729,0.5,0.375,0.125,1
1,0,4.4,35.68078804936071,1.2137034781160785,0.1051369162843394,0.0687810720478724,24.878548749370875,-2.1935396818616306,-4.33763443385972e-06,7.499345547334917e-08,1.1754625220405977e-06,2.193409923024533,0.5,0.375,0.125,1
1,0,4.5,35.461434081174545,1.213703044352635,0.10513692378368494,0.0687811895941246,25.097889741673328,-2.179836172657027,-4.2706466940600915e-06,7.499343632200199e-08,1.1754622210313801e-06,2.1797087734515306,0.5,0.375,0.125,1
1,0,4.6,35.24345046390884,1.2137026172879657,0.10513693128302858,0.0687813071403467,25.31586061901848,-2.1661326634526175,-4.203658952039979e-06,7.499341703187628e-08,1.1754619197445962e-06,2.166007623878154,0.5,0.375,0.125,1
1,0,4.7,35.02683719756358,1.2137021969220705,0.10513693878237028,0.06878142468653868,25.532461381406296,-2.1524291542481753,-4.136671218901725e-06,7.499339801930764e-08,1.1754616187353893e-06,2.152306474305029,0.5,0.375,0.125,1
1,0,4.8,34.81159428213876,1.2137017832549486,0.10513694628171008,0.06878154223270055,25.7476920288368,-2.138725645043624,-4.069683476881614e-06,7.499337859040405e-08,1.1754613175873832e-06,2.138605324731972,0.5,0.375,0.125,1
1,0,4.9,34.5977217176344,1.213701376286601,0.10513695378104794,0.06878165977883231,25.961552561309997,-2.1250221358391816,-4.002695741522914e-06,7.499335930027966e-08,1.1754610164393984e-06,2.1249041751587403,0.5,0.375,0.125,1
1,0,5.0,34.38521950405048,1.2137009760170268,0.10513696128038387,0.06878177732493396,26.17404297882587,-2.112168858402804,-3.3852673464451873e-06,7.499330309523904e-08,1.175460131314092e-06,2.1120726465658355,0.5,0.375,0.125,1
1,0,5.1,34.1740026182102,1.2137006374902921,0.10513696877971418,0.06878189487094709,26.385250243482453,-2.099856123192214,-2.417891538097892e-06,7.499322302040272e-08,1.175458875235507e-06,2.0997939870583227,0.5,0.375,0.125,1
1,0,5.2,33.96401700589098,1.2137003957011383,0.10513697627903648,0.06878201241683461,26.595229642188286,-2.086756642832136,-1.9598550915489522e-06,7.499317694614786e-08,1.1754581591416666e-06,2.08671064097765,0.5,0.375,0.125,1
1,0,5.3,33.75534134160777,1.2137001997156291,0.10513698377835418,0.06878212996265053,26.80390070628605,-2.073657162471949,-1.50181864944087e-06,7.499313142700319e-08,1.1754574430478052e-06,2.0736272948969403,0.5,0.375,0.125,1
1,0,5.4,33.54797562536057,1.2137000495337642,0.10513699127766732,0.06878224750839483,27.011263435775746,-2.0605576821119413,-1.0437822095532605e-06,7.499308604663772e-08,1.1754567275090764e-06,2.0605439488161252,0.5,0.375,0.125,1
1,0,5.5,33.34191985714938,1.2136999451555432,0.10513699877697592,0.06878236505406758,27.217317830657358,-2.0474582017517733,-5.857457652247454e-07,7.49930399723822e-08,1.1754560111376697e-06,2.047460602735434,0.5,0.375,0.125,1
2,0,0.0,16.30230407239828,0.3609981900452508,0.06790000000000036,0.096571945701358,22.718653846153966,40.51820674392655,0.01168395067620509,0.0,0.0,0.0,0.333,0.025,0.417,1
2,0,0.1,20.354124746790934,0.3621665851128713,0.06790000000000036,0.096571945701358,22.718653846153966,40.64641354000944,0.011720920769457965,0.0,0.0,0.0,0.333,0.025,0.417,1
2,0,0.2,24.418766100791878,0.3633386771898171,0.06790000000000036,0.096571945701358,22.718653846153966,40.77410239185384,0.011757741506769896,0.0,0.0,0.0,0.333,0.025,0.417,1
2,0,0.3,28.49617633997726,0.3645144513404941,0.06790000000000036,0.096571945701358,22.718653846153966,40.903719266058815,0.011795118214347197,0.0,0.0,0.0,0.333,0.025,0.417,1
2,0,0.4,32.586548266583144,0.3656939631619288,0.06790000000000036,0.096571945701358,22.718653846153966,41.03666870331332,0.011833455909722183,0.0,0.0,0.0,0.333,0.025,0.417,1
2,0,0.5,36.690215136914475,0.36687730875290103,0.06790000000000036,0.096571945701358,22.718653846153966,41.16740457400845,0.011871155294456707,0.0,0.0,0.0,0.333,0.025,0.417,1
2,0,0.6,40.80695559431532,0.3680644242823467,0.06790000000000036,0.096571945701358,22.718653846153966,41.29977923142136,0.011909327244607474,0.0,0.0,0.0,0.333,0.025,0.417,1
2,0,0.7,44.936933517457454,0.36925535700680745,0.06790000000000036,0.096571945701358,22.718653846153966,41.43443720637752,0.011948157618998912,0.0,0.0,0.0,0.333,0.025,0.417,1
2,0,0.8,49.08037723809521,0.37045017276870734,0.06790000000000036,0.096571945701358,22.718653846153966,41.5674913903736,0.01198652551945623,0.0,0.0,0.0,0.333,0.025,0.417,1
2,0,0.9,53.23712637713257,0.37164882532065296,0.06790000000000036,0.096571945701358,22.718653846153966,41.70135675206965,0.01202512743534057,1.0243270121002015e-09,2.0049961690915557e-10,3.5379247975697586e-07,0.333,0.025,0.417,1
2,0,1.0,57.40726205233953,0.372851338064187,0.06790000010243306,0.09657194572140797,22.718653881533214,41.83655985356321,0.012064115273753829,3.7379055406461215e-09,7.316500183485169e-10,1.2910361135709525e-06,0.333,0.025,0.417,1
2,0,1.1,61.59091803769586,0.3740577495915624,0.06790000047622362,0.09657194579457297,22.718654010636826,41.972035271212945,0.012103181392185707,3.976744628042544e-09,7.783995670251908e-10,1.3738590709522233e-06,0.333,0.025,0.417,1
2,0,1.2,65.78812156481715,0.375268067730781,0.06790000087389808,0.09657194587241293,22.718654148022733,42.10776642718468,0.01214232120051838,3.6562614047497244e-09,7.156690517984281e-10,1.2635881319056342e-06,0.333,0.025,0.417,1
2,0,1.3,69.99889820753562,0.3764822998508328,0.06790000123952422,0.09657194594397983,22.718654274381546,42.24430233624665,0.012181693051268054,3.1505927033936884e-09,6.166904487070476e-10,1.0887706380913202e-06,0.333,0.025,0.417,1
2,0,1.4,74.22332844116028,0.3777004691559596,0.06790000155458349,0.09657194600564888,22.71865438325861,42.38068593371519,0.012221021005515687,2.5687026117271447e-09,5.027926686107516e-10,9.989290106204854e-07,0.333,0.025,0.417,1
2,0,1.5,78.4613970345318,0.3789225712565112,0.06790000181145375,0.09657194605592814,22.71865448315151,21.442818269439083,0.007565104476833777,1.8640178727366006,0.3648589990574421,6.1163839018517,0.333,0.025,0.417,1
2,0,1.6,80.60567886147571,0.37967908170419457,0.25430178908511397,0.1330578459616724,23.33029287333668,-12.148431612648112,-9.033311876294204e-09,4.872101050766301,0.9536549722452663,15.610441069773081,0.333,0.025,0.417,1
2,0,1.7,79.3908357002109,0.3796790808008634,0.7415118941617435,0.2284233431861989,24.891336980313987,-12.057145035287665,-4.074071080495397e-09,4.872099077993845,0.9536545860988707,15.519170288503638,0.333,0.025,0.417,1
2,0,1.8,78.18512119668213,0.37967908039345627,1.2287218019611283,0.32378880179608605,26.443254009164352,-11.900081382584363,-2.8607777258216098e-09,4.872098594811278,0.953654491521715,15.362110499980432,0.333,0.025,0.417,1
2,0,1.9,76.9951130584237,0.3796790801073785,1.7159316614422555,0.4191542509482574,27.979465059162393,-11.620811352439933,-7.034567373054295e-10,4.872097735679266,0.9536543233569941,15.0828473406156,0.333,0.025,0.417,1
2,0,2.0,75.8330319231797,0.3796790800370328,2.2031414350101826,0.5145196832839569,29.487749793223955,-11.44188686742594,-3.534178505404381e-10,4.872097595793372,0.9536542959760177,14.90392397008718,0.333,0.025,0.417,1
2,0,2.1,74.68884323643711,0.37967908000169104,2.69035119458952,0.6098851128815588,30.978142190232674,-11.294884202390978,-1.7295875842648897e-09,4.87209814265718,0.9536544030180085,14.756916921293582,0.333,0.025,0.417,1
2,0,2.2,73.55935481619801,0.3796790798287323,3.1775610088552386,0.7052505531833597,32.453833882362034,-11.1128497480404,-1.2113715586181727e-09,4.872097935865013,0.9536543625409356,14.574884117092191,0.333,0.025,0.417,1
2,0,2.3,72.44806984139397,0.3796790797075951,3.6647708024417383,0.8006159894374529,33.91132229407125,-10.930815293689724,-6.931571983059819e-10,4.872097729072813,0.9536543220638618,14.39285131289117,0.333,0.025,0.417,1
2,0,2.4,71.354988312025,0.3796790796382794,4.15198057534902,0.8959814216438392,35.350607425360366,-10.748780839339238,-1.7494228288228426e-10,4.872097522280625,0.9536542815867857,14.210818508689856,0.333,0.025,0.417,1
2,0,2.5,70.28011022809108,0.3796790796207852,4.639190327577083,0.9913468498025179,36.77168927622935,-10.566746384988468,3.4327374276443803e-10,4.872097315488442,0.9536542411097118,14.028785704488472,0.333,0.025,0.417,1
2,0,2.6,69.22343558959223,0.37967907965511255,5.1264000591259276,1.0867122739134891,38.1745678466782,-10.386429240972879,7.696715487170984e-10,4.872097145325882,0.953654207802447,13.848469918245941,0.333,0.025,0.417,1
2,0,2.7,68.18479266549494,0.3796790797320797,5.613609773658516,1.182077694693734,39.559414838502796,-10.231443085119771,-1.5825118993007038e-10,4.87209751546441,0.9536542802525928,13.693480807508513,0.333,0.025,0.417,1
2,0,2.8,67.16164835698297,0.3796790797162546,6.1008195252049555,1.2774431227189929,40.92876291925364,-10.057161835653252,-5.456080032217865e-11,4.872097474045316,0.9536542721453114,13.519199888190402,0.333,0.025,0.417,1
2,0,2.9,66.15593217341764,0.3796790797107985,6.588029272609488,1.372808549933524,42.280682908072684,-9.882880586186351,4.9127923951175444e-11,4.8720974326263145,0.9536542640380321,13.344918968872209,0.333,0.025,0.417,1
2,0,3.0,65.167644114799,0.3796790797157113,7.0752390158721195,1.4681739763373274,43.615174804959906,-9.708599336719734,1.5281775844755417e-10,4.872097391207224,0.9536542559307528,13.17063804955423,0.333,0.025,0.417,1
2,0,3.1,64.19678418112703,0.3796790797309931,7.562448754992842,1.5635394019304028,44.93223860991533,-9.534318087253117,2.565075929439329e-10,4.872097349788178,0.9536542478234713,12.996357130236252,0.333,0.025,0.417,1
2,0,3.2,63.243352372401716,0.37967907975664383,8.04965848997166,1.65890482671275,46.23187432293896,-9.360036837786472,3.601968723288009e-10,4.872097308369145,0.9536542397161963,12.822076210918116,0.333,0.025,0.417,1
2,0,3.3,62.30734868862307,0.3796790797926635,8.536868220808573,1.7542702506843693,47.514081944030764,-9.210823273393478,2.590405667746152e-10,4.872097348899831,0.9536542476495882,12.672862324530161,0.333,0.025,0.417,1
2,0,3.4,61.386266361283724,0.3796790798185676,9.024077955698557,1.8496356754493282,48.78136817648378,-9.056147397787688,2.0252133303699775e-10,4.872097371573463,0.9536542520876781,12.518186269032572,0.333,0.025,0.417,1
2,0,3.5,60.480651621504954,0.3796790798388197,9.511287692855904,1.945001100658096,50.03318680338704,-8.898165468355892,1.7301604593455962e-10,4.872097383439153,0.9536542544102424,12.360204245717473,0.333,0.025,0.417,1
2,0,3.6,59.590835074669364,0.3796790798561213,9.99849743119982,2.0403665260991204,51.26920722795879,-8.742203342089276,1.2700784868258087e-10,4.872097401907882,0.9536542580252751,12.204241973021357,0.333,0.025,0.417,1
2,0,3.7,58.716614740460436,0.3796790798688221,10.485707171390608,2.135731951901648,52.489631425260924,-8.58826101898788,6.449230038896326e-11,4.872097426979599,0.9536542629327583,12.050299450945062,0.333,0.025,0.417,1
2,0,3.8,57.85778863856165,0.37967907987527133,10.972916914088566,2.2310973781949235,53.694661370355426,-8.436338499051452,-1.452504783117091e-11,4.87209745865433,0.9536542691327101,11.898376679487573,0.333,0.025,0.417,1
2,0,3.9,57.014154788656505,0.3796790798738188,11.460126659954,2.3264628051081946,54.884499038304185,-8.287976616079568,-1.7480461522723074e-12,4.87209745357267,0.9536542681380347,11.75001483721849,0.333,0.025,0.417,1
2,0,4.0,56.18535712704855,0.379679079873644,11.947336405311267,2.421828231921998,56.059500522026035,-8.142623181736639,6.401601471139907e-11,4.872097427273338,0.9536542629902546,11.6046616122468,0.333,0.025,0.417,1
2,0,4.1,55.371094808874886,0.3796790798800456,12.4345461480386,2.5171936582210233,57.21996668325071,-7.998297011399728,4.350964033505965e-11,4.8720974355072775,0.9536542646019435,11.460335376649635,0.333,0.025,0.417,1
2,0,4.2,54.57126510773491,0.3796790798843966,12.92175589158933,2.612559084681218,58.36600022091568,-7.85618237088083,1.9975132659055888e-11,4.8720974449489765,0.9536542664500515,11.31822066122457,0.333,0.025,0.417,1
2,0,4.3,53.78564687064683,0.3796790798863941,13.408965636084226,2.707924511326223,59.49782228703813,-7.71627926018016,-6.589173651150269e-12,4.8720974555984595,0.9536542685345666,11.178317465971627,0.333,0.025,0.417,1
2,0,4.4,53.01401894462881,0.3796790798857352,13.896175381644074,2.80328993817968,60.6156540336353,-7.57858767929771,-3.6181058149509356e-11,4.872097467455791,0.953654270855483,11.040625790890854,0.333,0.025,0.417,1
2,0,4.5,52.25616017669904,0.3796790798821171,14.383385128389651,2.898655365265228,61.71971661272438,-7.4431076282334185,-6.880385150509507e-11,4.872097480520913,0.9536542734128196,10.905145635982233,0.333,0.025,0.417,1
3,0,0.0,14.698247511312294,0.2936538461538477,0.06218778280543021,0.14073076923077,19.233065610859832,13.542349341268238,0.3462981530946574,0.0,0.0,0.0,0.25,0.438,0.313,1
3,0,0.1,16.052482445439118,0.32828366146331345,0.06218778280543021,0.14073076923077,19.233065610859832,15.035728507248294,0.3844860947890111,0.0,0.0,0.0,0.25,0.438,0.313,1
3,0,0.2,17.556055296163947,0.36673227094221456,0.06218778280543021,0.14073076923077,19.233065610859832,16.73917926943933,0.42804588179264647,0.0,0.0,0.0,0.25,0.438,0.313,1
3,0,0.3,19.22997322310788,0.4095368591214792,0.06218778280543021,0.14073076923077,19.233065610859832,18.680136516795677,0.47767906530142884,0.0,0.0,0.0,0.25,0.438,0.313,1
3,0,0.4,21.09798687478745,0.4573047656516221,0.06218778280543021,0.14073076923077,19.233065610859832,20.873925415731986,0.5337775327708856,0.0,0.0,0.0,0.25,0.438,0.313,1
3,0,0.5,23.185379416360647,0.5106825189287106,0.06218778280543021,0.14073076923077,19.233065610859832,23.29632829429841,0.5957220020619315,0.0,0.0,0.0,0.25,0.438,0.313,1
3,0,0.6,25.515012245790487,0.5702547191349038,0.06218778280543021,0.14073076923077,19.233065610859832,25.993710771891195,0.6646981114976626,0.0,0.0,0.0,0.25,0.438,0.313,1
3,0,0.7,28.114383322979606,0.63672453028467,0.06218778280543021,0.14073076923077,19.233065610859832,29.09709636257323,0.7440563285478456,0.0,0.0,0.0,0.25,0.438,0.313,1
3,0,0.8,31.02409295923693,0.7111301631394547,0.06218778280543021,0.14073076923077,19.233065610859832,32.43057858190824,0.8292984609754752,0.0,0.0,0.0,0.25,0.438,0.313,1
3,0,0.9,34.267150817427755,0.7940600092370022,0.06218778280543021,0.14073076923077,19.233065610859832,36.22072746145542,0.9262182437890256,0.0,0.0,0.0,0.25,0.438,0.313,1
3,0,1.0,37.889223563573296,0.8866818336159047,0.06218778280543021,0.14073076923077,19.233065610859832,40.50832574960584,1.0358585529393485,0.0,0.0,0.0,0.25,0.438,0.313,1
3,0,1.1,41.94005613853388,0.9902676889098396,0.06218778280543021,0.14073076923077,19.233065610859832,45.09919757179118,1.1532540205243096,0.0,0.0,0.0,0.25,0.438,0.313,1
3,0,1.2,46.449975895712996,1.1055930909622704,0.06218778280543021,0.14073076923077,19.233065610859832,50.419727927417625,1.2893079495145188,0.0,0.0,0.0,0.25,0.438,0.313,1
3,0,1.3,51.49194868845476,1.2345238859137224,0.06218778280543021,0.14073076923077,19.233065610859832,56.32599859204071,1.4403401353851983,0.0,0.0,0.0,0.25,0.438,0.313,1
3,0,1.4,57.124548547658826,1.378557899452242,0.06218778280543021,0.14073076923077,19.233065610859832,62.86402696824476,1.6075273120341214,0.0,0.0,0.0,0.25,0.438,0.313,1
3,0,1.5,63.41095124448331,1.5393106306556543,0.06218778280543021,0.14073076923077,19.233065610859832,70.27648086951872,1.7970748588610281,0.0,0.0,0.0,0.25,0.438,0.313,1
3,0,1.6,70.43859933143519,1.7190181165417573,0.06218778280543021,0.14073076923077,19.233065610859832,78.4361187542947,2.005729019096601,0.0,0.0,0.0,0.25,0.438,0.313,1
3,0,1.7,78.28221120686464,1.919591018451417,0.06218778280543021,0.14073076923077,19.233065610859832,87.4659767138862,2.236636009849265,0.0,0.0,0.0,0.25,0.438,0.313,1
3,0,1.8,87.02880887825327,2.1432546194363438,0.06218778280543021,0.14073076923077,19.233065610859832,32.47200715880372,1.0285075885090147,1.5397343687528826,0.48240373199214465,12.916716403227948,0.25,0.438,0.313,1
3,0,1.9,90.27600959413364,2.246105378287245,0.21616121968071828,0.1889711424299844,20.524737251182625,-13.333673609834436,2.173065160260277e-05,2.681943759839387,0.8402616094018002,22.336026106550314,0.25,0.438,0.313,1
3,0,2.0,88.9426422331502,2.2461075513524054,0.4843555956646572,0.2729973033701645,22.75833986183766,-13.136754344343574,1.1556354149178095e-05,2.6819560394994237,0.8402654566588017,22.138750179235856,0.25,0.438,0.313,1
3,0,2.1,87.62896679871584,2.2461087069878203,0.7525511996145998,0.3570238490360447,24.972214879761246,-12.938993377790798,-3.6225372701537106e-06,2.68197341770377,0.8402709013061391,21.940453953433998,0.25,0.438,0.313,1
3,0,2.2,86.33506746093676,2.2461083447340933,1.020748541384977,0.4410509391666587,27.166260275104648,-12.742827297197481,1.6129662006036995e-06,2.681967729769968,0.8402691192581787,21.74447352203409,0.25,0.438,0.313,1
3,0,2.3,85.06078473121701,2.2461085060307133,1.288945314361973,0.5250778510924763,29.34070762730805,-12.545869097451988,-3.2905832680896167e-06,2.681973497909047,0.8402709264347111,21.547342923697297,0.25,0.438,0.313,1
3,0,2.4,83.80619782147181,2.2461081769723865,1.5571426641528778,0.6091049437359475,31.49544191967778,-12.355113916865566,-2.0388763433132323e-06,2.6819719876731174,0.8402704532729347,21.356631623553337,0.25,0.438,0.313,1
3,0,2.5,82.57068642978525,2.246107973084752,1.8253398629201898,0.693131989063241,33.631105082033116,-12.163664284950489,-1.4762735212059384e-06,2.68197129227866,0.8402702354036121,21.1652016588293,0.25,0.438,0.313,1
3,0,2.6,81.3543200012902,2.2461078254574,2.093536992148056,0.7771590126036023,35.74762524791605,-11.997573254251382,-1.1632834162611506e-06,2.681970873197501,0.8402701041041397,20.999121461357344,0.25,0.438,0.313,1
3,0,2.7,80.15456267586507,2.2461077091290584,2.3617340794678063,0.8611860230140164,37.847537394051784,-11.856414872699233,-2.2908605235017003e-07,2.681969701674794,0.8402697370623077,20.85799568054114,0.25,0.438,0.313,1
3,0,2.8,78.96892118859515,2.246107686220453,2.629931049635285,0.9452129967202468,39.93333696210589,-11.67644449834383,-2.619055194941209e-07,2.681969701457907,0.8402697369943505,20.678024022018047,0.25,0.438,0.313,1
3,0,2.9,77.80127673876076,2.2461076600299013,2.8981280197810757,1.029239970419682,42.0011393643077,-11.496474123988339,-2.9472498663807274e-07,2.6819697012409915,0.8402697369263948,20.498052363495542,0.25,0.438,0.313,1
3,0,3.0,76.65162932636193,2.2461076305574026,3.166324989905175,1.1132669441123215,44.05094460065725,-11.316503749632421,-3.2754444490024044e-07,2.681969701024094,0.8402697368584359,20.31808070497247,0.25,0.438,0.313,1
3,0,3.1,75.51997895139868,2.246107597802958,3.4345219600075847,1.1972939177981652,46.0827526711545,-11.136533375277072,-3.603639120441923e-07,2.681969700807183,0.8402697367904791,20.13810904644961,0.25,0.438,0.313,1
3,0,3.2,74.40632561387098,2.246107561766567,3.702718930088303,1.2813208914772132,48.096563575799465,-10.956563000921346,-3.931833791881459e-07,2.6819697005902747,0.8402697367225239,19.95813738792684,0.25,0.438,0.313,1
3,0,3.3,73.31066931377885,2.246107522448229,3.9709159001473298,1.3653478651494653,50.09237731459214,-10.776592626565806,-4.2600284189120393e-07,2.681969700373379,0.8402697366545656,19.77816572940389,0.25,0.438,0.313,1
3,0,3.4,72.23301005112226,2.246107479847945,4.239112870184668,1.449374838814922,52.07019388753253,-10.596622252210173,-4.5882230459426367e-07,2.6819697001564857,0.8402697365866089,19.598194070881032,0.25,0.438,0.313,1
3,0,3.5,71.17334782590125,2.2461074339657143,4.507309840200317,1.5334018124735829,54.03001329462064,-10.416651877854681,-4.916417672973235e-07,2.681969699939566,0.8402697365186521,19.418222412358173,0.25,0.438,0.313,1
3,0,3.6,70.13168263811578,2.2461073848015376,4.7755068101942735,1.6174287861254482,55.97183553585646,-10.236681503499048,-5.244612344412754e-07,2.681969699722646,0.8402697364506954,19.238250753835384,0.25,0.438,0.313,1
3,0,3.7,69.10801448776587,2.246107332355414,5.043703780166538,1.7014557597705178,57.89566061124,-10.136411995899444,-3.735968823193061e-07,2.681969515771199,0.8402696788181071,19.137986528539837,0.25,0.438,0.313,1
3,0,3.8,68.09437328817593,2.246107294995726,5.311900731743657,1.7854827276523282,59.809459264093974,-10.019561322662716,-2.6094657545883116e-07,2.681969370044308,0.8402696331614049,19.02113977150263,0.25,0.438,0.313,1
3,0,3.9,67.09241715590966,2.2461072689010684,5.580097668748088,1.8695096909684688,61.71157324124424,-9.861530313757347,-2.4320315539227956e-07,2.6819693192505567,0.8402696172475635,18.863109285991353,0.25,0.438,0.313,1
3,0,4.0,66.10626412453392,2.246107244580753,5.848294600673144,1.9535366526932252,63.597884169843375,-9.70349930485188,-2.2545972200305266e-07,2.6819692684567724,0.8402696013337082,18.705078800480234,0.25,0.438,0.313,1
3,0,4.1,65.13591419404874,2.2461072220347806,6.1164915275188205,2.0375636128265957,65.46839204989139,-9.545468295946142,-2.0771629749560705e-07,2.681969217663024,0.8402695854198505,18.547048314968507,0.25,0.438,0.313,1
3,0,4.2,64.18136736445412,2.246107201263151,6.384688449285124,2.121590571368581,67.32309688138825,-9.387437287040575,-1.8997286410638092e-07,2.681969166869243,0.8402695695060011,18.389017829457465,0.25,0.438,0.313,1
3,0,4.3,63.242623635750064,2.2461071822658645,6.652885365972048,2.205617528319181,69.16199866433399,-9.229406278135123,-1.7222944403982772e-07,2.681969116075477,0.8402695535921589,18.230987343945817,0.25,0.438,0.313,1
3,0,4.4,62.31968300793655,2.24610716504292,6.921082277579597,2.2896444836783973,70.98509739872858,-9.071375269229339,-1.544860195323855e-07,2.6819690652816957,0.8402695376783095,18.07295685843477,0.25,0.438,0.313,1
3,0,4.5,61.412545481013616,2.246107149594318,7.1892791841077655,2.373671437446228,72.79239308457205,-8.91334426032397,-1.3674259058404962e-07,2.6819690144879353,0.8402695217644481,17.914926372923425,0.25,0.438,0.313,1
3,0,4.6,60.52121105498122,2.246107135920059,7.457476085556558,2.4576983896226725,74.58388572186439,-8.755313251418382,-1.189991571948206e-07,2.681968963694178,0.8402695058506016,17.75689588741192,0.25,0.438,0.313,1
3,0,4.7,59.64567972983938,2.2461071240201433,7.725672981925977,2.541725340207733,76.35957531060559,-8.597282242512806,-1.0125574156916209e-07,2.6819689129004147,0.8402694899367565,17.59886540190073,0.25,0.438,0.313,1
3,0,4.8,58.7859515055881,2.246107113894569,7.993869873216018,2.6257522892014085,78.11946185079566,-8.539257517140324,-1.0341644873790245e-07,2.681968952613806,0.8402695023790807,17.540840725322845,0.25,0.438,0.313,1
3,0,4.9,57.932025753874065,2.2461071035529243,8.2620667684774,2.709779239439317,79.87354592332795,-8.414505800849271,-9.229656594556024e-08,2.6819689319382705,0.8402694959013765,17.416089374492206,0.25,0.438,0.313,1
3,0,5.0,57.09057517378914,2.2461070943232677,8.530263661671226,2.7938061890294543,81.61515486077717,-8.279284515006141,-7.909292776275861e-08,2.6819689017876507,0.8402694864550883,17.280868503795464,0.25,0.438,0.313,1
3,0,5.1,56.26264672228853,2.246107086413975,8.79846055184999,2.877833137674963,83.34324171115671,-8.14406322916308,-6.58893029026327e-08,2.681968871637025,0.8402694770087971,17.145647633098427,0.25,0.438,0.313,1
3,0,5.2,55.44824039937222,2.2461070798250447,9.066657439013694,2.961860085375843,85.05780647446656,-8.00884194331995,-5.268566471983168e-08,2.681968841486358,0.8402694675625074,17.010426762401554,0.25,0.438,0.313,1
3,0,5.3,54.647356205040225,2.246107074556478,9.334854323162329,3.0458870321320934,86.75884915070671,-7.873620657476821,-3.948202653702971e-08,2.68196881133575,0.8402694581162118,16.875205891704805,0.25,0.438,0.313,1
3,0,5.4,53.85999413929254,2.2461070706082755,9.603051204295905,3.129913977943715,88.4463697398772,-7.738399371633974,-2.6278397236012644e-08,2.6819687811851005,0.8402694486699266,16.739985021007644,0.25,0.438,0.313,1
3,0,5.5,53.086154202129144,2.246107067980436,9.871248082414414,3.2139409228107074,90.12036824197796,-7.6031780857906295,-1.3074772375887324e-08,2.6819687510344985,0.840269439223634,16.604764150311045,0.25,0.438,0.313,1
3,0,5.6,52.325836393550084,2.2461070666729586,10.139444957517863,3.2979678667330705,91.78084465700906,-7.467956799947646,1.2886580691429047e-10,2.6819687208838374,0.8402694297773472,16.469543279613585,0.25,0.438,0.313,1
4,0,0.0,9.428128959276071,0.29053167420814635,0.09079864253393713,0.16407692307692395,16.388733031674295,13.070591399066114,0.9515482606350301,0.0,0.0,0.0,0.5,0.188,0.313,1
4,0,0.1,10.735188099182682,0.38568650027164936,0.09079864253393713,0.16407692307692395,16.388733031674295,17.21127040139976,1.2529926086543601,0.0,0.0,0.0,0.5,0.188,0.313,1
4,0,0.2,12.456315139322658,0.5109857611370854,0.09079864253393713,0.16407692307692395,16.388733031674295,22.804083732034822,1.6601533586417299,0.0,0.0,0.0,0.5,0.188,0.313,1
4,0,0.3,14.73672351252614,0.6770010970012583,0.09079864253393713,0.16407692307692395,16.388733031674295,30.214342225506446,2.199625396672286,0.0,0.0,0.0,0.5,0.188,0.313,1
4,0,0.4,17.758157735076786,0.896963636668487,0.09079864253393713,0.16407692307692395,16.388733031674295,40.02301632904417,2.9137037805336368,0.0,0.0,0.0,0.5,0.188,0.313,1
4,0,0.5,21.760459367981202,1.1883340147218506,0.09079864253393713,0.16407692307692395,16.388733031674295,53.03449463890425,3.8609485666358454,0.0,0.0,0.0,0.5,0.188,0.313,1
4,0,0.6,27.063908831871625,1.574428871385435,0.09079864253393713,0.16407692307692395,16.388733031674295,70.28712890655703,5.116952493889682,0.0,0.0,0.0,0.5,0.188,0.313,1
4,0,0.7,34.092621722527326,2.0861241207744032,0.09079864253393713,0.16407692307692395,16.388733031674295,92.83898815744513,6.758746280704944,1.6317278987709723e-06,3.1545243805997077e-07,3.984478738061622e-05,0.5,0.188,0.313,1
4,0,0.8,43.37652053827185,2.7619987488448983,0.090798805706727,0.16407695462216776,16.388737016153033,-1.0282993784840502,0.9640338802698036,2.479121405659568,0.47927408122716963,21.63034463164774,0.5,0.188,0.313,1
4,0,0.9,43.27369060042344,2.8584021368718786,0.3387109462726837,0.2120043627448847,18.551771479317807,-15.449978827037189,3.136055973573804e-05,2.8245359147777345,0.5460510535538233,23.835816764764107,0.5,0.188,0.313,1
4,0,1.0,41.728692717719724,2.858405272927852,0.6211645377504571,0.26660946810026703,20.935353155794218,-14.684397293866299,1.7704405275154028e-05,2.8245424492089386,0.5460523168172944,23.07006704811497,0.5,0.188,0.313,1
4,0,1.1,40.26025298833309,2.8584070433683797,0.9036187826713512,0.3212146997819965,23.242359860605717,-13.920118505415164,-6.208958507336612e-06,2.8245520777261928,0.5460541782423736,22.30548836745647,0.5,0.188,0.313,1
4,0,1.2,38.86824113779158,2.858406422472529,1.18607399044397,0.3758201176062338,25.47290869735136,-13.195938233241465,-7.616424868572829e-07,2.8245501645456224,0.5460538083783346,21.58137724052848,0.5,0.188,0.313,1
4,0,1.3,37.54864731446743,2.8584063463082803,1.4685290068985326,0.4304254984440673,27.63104642140421,-12.468831399022607,-7.605174858760232e-06,2.8245530033644664,0.5460543571906226,20.85418483046371,0.5,0.188,0.313,1
4,0,1.4,36.30176417456517,2.8584055857907944,1.7509843072349789,0.4850309341631295,29.71646490445058,-11.815908617763203,-4.2546266110221575e-06,2.824551489040243,0.5460540644351537,20.20130357708778,0.5,0.188,0.313,1
4,0,1.5,35.12017331278885,2.8584051603281333,2.0334394561390035,0.5396363406066449,31.73659526215936,-11.176253374227503,-2.1457006305070064e-06,2.824550412308364,0.5460538562768587,19.561674105462235,0.5,0.188,0.313,1
4,0,1.6,34.0025479753661,2.8584049457580702,2.31589449736984,0.5942417262343308,33.692762672705584,-10.572037593306561,-1.2747951547709152e-05,2.8245542323121633,0.5460545947759118,18.957324031361463,0.5,0.188,0.313,1
4,0,1.7,32.945344216035444,2.8584036709629155,2.598349920601056,0.6488471857119219,35.58849507584173,-9.995559898669049,-1.1412387270759429e-05,2.8245532001117297,0.5460543952266246,18.38086161784025,0.5,0.188,0.313,1
4,0,1.8,31.94578822616854,2.8584025297241884,2.8808052406122293,0.7034526252345844,37.426581237625754,-9.449876128609857,-7.919510762732794e-06,2.8245511840005735,0.5460540054636139,17.835219841012727,0.5,0.188,0.313,1
4,0,1.9,31.000800613307554,2.858401737773112,3.1632603590122863,0.7580580257809457,39.210103221727024,-8.93498628312922,-2.2693220280700622e-06,2.8245481839786697,0.5460534254868783,17.32039870087823,0.5,0.188,0.313,1
4,0,2.0,30.10730198499463,2.8584015108409093,3.4457151774101535,0.8126633683296336,40.94214309181485,-8.446207687559408,9.440706572050308e-07,2.8245463629155205,0.5460530734313591,16.83165883856701,0.5,0.188,0.313,1
4,0,2.1,29.26268121623869,2.858401605247975,3.728169813701706,0.8672686756727696,42.62530897567155,-7.9769356070066095,-4.759148137800646e-06,2.824548771456376,0.5460535390605166,16.362315568266638,0.5,0.188,0.313,1
4,0,2.2,28.464987655538028,2.8584011293331613,4.010624690847344,0.9218740295788213,44.261540532498216,-7.543993251681185,-2.8739561086510536e-06,2.8245476391687165,0.5460533201619452,15.929395746680285,0.5,0.188,0.313,1
4,0,2.3,27.710588330369912,2.8584008419375504,4.293079454764214,0.9764793615950156,45.85448010716624,-7.140155862213178,-4.88466236348017e-07,2.824546303079429,0.5460530618635979,15.525587158066742,0.5,0.188,0.313,1
4,0,2.4,26.996572744148594,2.8584007930909268,4.5755340850721575,1.0310846677813754,47.407038822972915,-6.765423438602228,2.3973214968719937e-06,2.8245447631885474,0.546052764165474,15.150889802426434,0.5,0.188,0.313,1
4,0,2.5,26.32003040028837,2.8584010328230764,4.8579885613910125,1.0856899441979229,48.92212780321556,-6.397552386156486,3.149619982600879e-06,2.8245443625116424,0.5460526867049493,14.783027894132333,0.5,0.188,0.313,1
4,0,2.6,25.68027516167272,2.8584013477850747,5.140442997642177,1.1402952128684178,50.400430592628794,-6.0337226559447235,1.4345170384899562e-06,2.824545271316585,0.5460528623989043,14.419177303077989,0.5,0.188,0.313,1
4,0,2.7,25.07690289607825,2.8584014912367786,5.422897524773836,1.1949004991083083,51.842348322936594,-5.712610077108933,1.831483698033771e-06,2.824545154448376,0.5460528398054573,14.098069830073122,0.5,0.188,0.313,1
4,0,2.8,24.505641888367357,2.8584016743851484,5.705352040218672,1.2495057830888538,53.2521553059439,-5.415271073723065,2.0974767434012148e-06,2.8245451556753283,0.5460528400426519,13.800734484044797,0.5,0.188,0.313,1
4,0,2.9,23.96411478099505,2.8584018841328227,5.9878065557862055,1.304111067093119,54.63222875434838,-5.1417056457871935,2.2324961390651744e-06,2.824545274997347,0.546052863110484,13.527171264993202,0.5,0.188,0.313,1
4,0,3.0,23.44994421641633,2.8584021073824366,6.2702610832859405,1.3587163534041675,55.984945880847704,-4.86511555694523,2.191980708055039e-06,2.8245454209611305,0.5460528913288161,13.250581052959292,0.5,0.188,0.313,1
4,0,3.1,22.963432660721807,2.8584023265805074,6.552715625382054,1.4133216425370492,57.310003986143634,-4.594306435835942,1.990572808807654e-06,2.8245456236173156,0.5460529305071478,12.979769766925163,0.5,0.188,0.313,1
4,0,3.2,22.504002017138212,2.8584025256377883,6.835170187743786,1.467926935587764,58.60798096283615,-4.3489195444264235,1.6609327202488148e-06,2.8245459499948846,0.5460529936038269,12.734379316477247,0.5,0.188,0.313,1
4,0,3.3,22.06911006269557,2.8584026917310603,7.117624782743273,1.5225322349481465,59.88141889448387,-4.11562815646327,1.1809002131712976e-06,2.8245463546142764,0.5460530718265262,12.50108253594809,0.5,0.188,0.313,1
4,0,3.4,21.657547247049244,2.8584028098210816,7.400079418204701,1.5771375421307992,61.13152714807868,-3.893188762082392,5.484075504824654e-07,2.8245468332317687,0.5460531643548556,12.27863587447209,0.5,0.188,0.313,1
4,0,3.5,21.268228370841005,2.8584028646618367,7.682534101527878,1.6317428585662848,62.35939073552589,-3.7011273827543048,1.069808650555614e-06,2.8245467410739407,0.546053146538525,12.086581383582232,0.5,0.188,0.313,1
4,0,3.6,20.898115632565574,2.8584029716427017,7.964988775635272,1.6863481732201373,63.568048873884116,-3.5140934463513287,1.2243590807869953e-06,2.8245468173559614,0.5460531612856774,11.899549796567957,0.5,0.188,0.313,1
4,0,3.7,20.54670628793044,2.85840309407861,8.247443457370869,1.740953489348705,64.75800385354091,-3.330610590974293,9.953220292402456e-07,2.8245470650151563,0.5460532091641831,11.71606453035214,0.5,0.188,0.313,1
4,0,3.8,20.213645228833013,2.8584031936108127,8.529898163872383,1.7955588102651232,65.92961030657612,-3.1552993791134982,7.500497245516151e-07,2.8245472989605753,0.546053254391496,11.54075064392983,0.5,0.188,0.313,1
4,0,3.9,19.898115290921663,2.858403268615785,8.812352893768441,1.8501641357042728,67.0836853709691,-2.9870683827484585,4.960551303057055e-07,2.82454751025847,0.546053295240478,11.37251678595759,0.5,0.188,0.313,1
4,0,4.0,19.599408452646816,2.8584033182212982,9.094807644794288,1.9047694652283207,68.22093704956487,-2.8248261738590332,2.408512100871016e-07,2.8245476899749558,0.5460533299840195,11.210271605090906,0.5,0.188,0.313,1
4,0,4.1,19.316925835260914,2.8584033423064192,9.377262413791783,1.9593747982267224,69.34196421007395,-2.6674813244247133,-8.049068078719258e-09,2.824547829176061,0.5460533568949593,11.052923749986489,0.5,0.188,0.313,1
4,0,4.2,19.05017770281844,2.8584033415015124,9.65971719670939,2.0139801339162187,70.44725658507261,-2.513942406425196,-2.431327406071668e-07,2.824547918928008,0.5460533742461778,10.899381869300168,0.5,0.188,0.313,1
4,0,4.3,18.798783462175923,2.8584033171882384,9.94217198860219,2.0685854713408363,71.53719477200262,-2.371079223858837,-4.4253596342968865e-07,2.8245479936079603,0.5460533886836199,10.756516169412805,0.5,0.188,0.313,1
4,0,4.4,18.561675539790038,2.858403272934642,10.224626787962988,2.1231908102091985,72.61284638894391,-2.2692850247126453,-5.419917536997351e-07,2.824548215566366,0.5460534315935491,10.654721263073165,0.5,0.188,0.313,1
4,0,4.5,18.334747037318774,2.8584032187354667,10.507081609519624,2.1777961533685533,73.67831851525122,-2.146861208075926,-6.432371524311998e-07,2.8245482461515716,0.5460534375063927,10.532296146516737,0.5,0.188,0.313,1
4,0,4.6,18.120060916511182,2.8584031544117514,10.78953643413478,2.2324014971191923,74.73154812990289,-2.0292441104263297,-6.909404737243071e-07,2.824548220747192,0.5460534325951165,10.414678318188438,0.5,0.188,0.313,1
4,0,4.7,17.917136505468548,2.858403085317704,11.0719912562095,2.2870068403787043,75.77301596172174,-1.91577249750744,-6.768132765344628e-07,2.8245481327596624,0.5460534155850124,10.301206638107525,0.5,0.188,0.313,1
4,0,4.8,17.725559255717805,2.8584030176363764,11.354446069485466,2.3416121819372053,76.80313662553249,-1.805785135062185,-5.925671109352461e-07,2.8245479755956664,0.5460533852014009,10.191219966294456,0.5,0.188,0.313,1
4,0,4.9,17.544980742211585,2.8584029583796653,11.636900867045034,2.3962175204573457,77.82225862216194,-1.6986207888341613,-4.2991356252741906e-07,2.824547742661451,0.5460533401695963,10.084057162767728,0.5,0.188,0.313,1
4,0,5.0,17.37511866332817,2.858402915388309,11.919355641311178,2.450822854474305,78.83066433843871,-1.593618224566603,-1.8056418582546093e-07,2.8245474273636897,0.5460532792149194,9.979057087548178,0.5,0.188,0.313,1
5,0,0.0,6.726021719457051,0.3256380090497755,0.016166515837104163,0.11045067873303238,5.1638135746606615,9.908849198337446,0.5635644323495231,0.0,0.0,0.0,0.5,0.375,0.125,0
5,0,0.1,7.716906639290795,0.38199445228472784,0.016166515837104163,0.11045067873303238,5.1638135746606615,11.525064236354181,0.6554864398625138,0.0,0.0,0.0,0.5,0.375,0.125,0
5,0,0.2,8.869413062926213,0.4475430962709792,0.016166515837104163,0.11045067873303238,5.1638135746606615,13.486048504642717,0.7670171498252623,0.0,0.0,0.0,0.5,0.375,0.125,0
5,0,0.3,10.218017913390485,0.5242448112535054,0.016166515837104163,0.11045067873303238,5.1638135746606615,15.804025833973968,0.8988517909279655,0.0,0.0,0.0,0.5,0.375,0.125,0
5,0,0.4,11.798420496787882,0.614129990346302,0.016166515837104163,0.11045067873303238,5.1638135746606615,18.502874993830897,1.0523484648935912,0.0,0.0,0.0,0.5,0.375,0.125,0
5,0,0.5,13.648707996170971,0.7193648368356611,0.016166515837104163,0.11045067873303238,5.1638135746606615,21.70063621128428,1.2342206933664837,0.0,0.0,0.0,0.5,0.375,0.125,0
5,0,0.6,15.818771617299399,0.8427869061723094,0.016166515837104163,0.11045067873303238,5.1638135746606615,25.39514272574954,1.444345242137042,0.0,0.0,0.0,0.5,0.375,0.125,0
5,0,0.7,18.358285889874352,0.9872214303860136,0.016166515837104163,0.11045067873303238,5.1638135746606615,29.768265658723482,1.6930660061718534,0.0,0.0,0.0,0.5,0.375,0.125,0
5,0,0.8,21.335112455746703,1.1565280310031991,0.016166515837104163,0.11045067873303238,5.1638135746606615,34.81706485117258,1.9802157643311218,0.0,0.0,0.0,0.5,0.375,0.125,0
5,0,0.9,24.81681894086396,1.3545496074363113,0.016166515837104163,0.11045067873303238,5.1638135746606615,40.82253826917065,2.321776237203404,0.0,0.0,0.0,0.5,0.375,0.125,0
5,0,1.0,28.899072767781025,1.5867272311566516,0.016166515837104163,0.11045067873303238,5.1638135746606615,28.69110812738325,1.5140696239594673,0.6522893544369598,1.8220512998436977,0.21233078943092545,0.5,0.375,0.125,0
5,0,1.1,31.768183580519352,1.7381341935525985,0.0813954512808002,0.2926558087174023,5.185046653603754,4.891902969038894,6.135571251064684e-07,1.5417475272707601,4.306590421852395,0.5027050409822216,0.5,0.375,0.125,0
5,0,1.2,32.25737387742324,1.738134254908311,0.235570204007876,0.7233148509026412,5.235317157701976,4.891465289435284,3.7321299828363376e-07,1.5417476741679443,4.306590832182875,0.5031390087402339,0.5,0.375,0.125,0
5,0,1.3,32.74652040636677,1.7381342922296108,0.38974497142467057,1.1539739341209292,5.285631058576,4.890960082469753,9.578739801341398e-08,1.5417478437291485,4.306591305821162,0.5036399311783597,0.5,0.375,0.125,0
5,0,1.4,33.235616414613744,1.7381343018083506,0.5439197557975852,1.5846330647030449,5.3359950516938355,4.883575293194364,2.2982999947629403e-08,1.5417479039900237,4.306591474148936,0.5110236512269668,0.5,0.375,0.125,0
5,0,1.5,33.72397394393318,1.7381343041066506,0.6980945461965877,2.015292212117939,5.387097416816532,4.882760900812566,1.4954149030188533e-08,1.541747910635579,4.306591492712065,0.5118379256947754,0.5,0.375,0.125,0
5,0,1.6,34.21225003401444,1.7381343056020655,0.8522693372601458,2.4459513613891457,5.43828120938601,4.882760900812577,1.4954153471080664e-08,1.5417479106355756,4.306591492712078,0.5118379256947765,0.5,0.375,0.125,0
5,0,1.7,34.700526124095695,1.7381343070974808,1.0064441283237031,2.876610510660353,5.489465001955487,4.882760900812495,1.4954151250634582e-08,1.541747910635579,4.306591492712069,0.5118379256947576,0.5,0.375,0.125,0
5,0,1.8,35.188802214176945,1.738134308592896,1.1606189193872611,3.3072696599315603,5.540648794524963,4.882760900812577,1.4954149030188566e-08,1.5417479106355778,4.306591492712052,0.5118379256947854,0.5,0.375,0.125,0
5,0,1.9,35.6770783042582,1.7381343100883109,1.3147937104508187,3.737928809202765,5.591832587094442,4.882760900812566,1.4954149030188533e-08,1.541747910635579,4.306591492712083,0.5118379256947487,0.5,0.375,0.125,0
5,0,2.0,36.16535439433946,1.7381343115837258,1.4689685015143767,4.168587958473974,5.643016379663917,4.882760900812566,1.495415347108063e-08,1.541747910635579,4.306591492712078,0.5118379256947665,0.5,0.375,0.125,0
5,0,2.1,36.65363048442072,1.7381343130791411,1.6231432925779348,4.599247107745182,5.694200172233393,4.882760900812495,1.4954151250634582e-08,1.541747910635579,4.306591492712052,0.5118379256947754,0.5,0.375,0.125,0
5,0,2.2,37.14190657450197,1.7381343145745562,1.7773180836414928,5.029906257016387,5.745383964802871,4.882760900812588,1.4954151250634648e-08,1.541747910635577,4.30659149271207,0.5118379256947776,0.5,0.375,0.125,0
5,0,2.3,37.630182664583224,1.7381343160699714,1.93149287470505,5.460565406287593,5.796567757372348,4.882760900812566,1.4954151250634582e-08,1.5417479106355811,4.3065914927120605,0.5118379256947665,0.5,0.375,0.125,0
5,0,2.4,38.11845875466448,1.7381343175653865,2.085667665768608,5.891224555558799,5.847751549941825,4.882760900812566,1.4954151250634582e-08,1.541747910635579,4.306591492712078,0.5118379256947665,0.5,0.375,0.125,0
5,0,2.5,38.60673484474574,1.7381343190608016,2.239842456832166,6.321883704830007,5.898935342511302,4.882760900812566,1.4954146809742484e-08,1.541747910635579,4.306591492712069,0.5118379256947665,0.5,0.375,0.125,0
5,0,2.6,39.095010934826995,1.7381343205562163,2.3940172478957242,6.752542854101215,5.9501191350807785,4.882760900812566,1.495415347108063e-08,1.5417479106355745,4.306591492712078,0.5118379256947665,0.5,0.375,0.125,0
5,0,2.7,39.58328702490825,1.7381343220516317,2.548192038959282,7.183202003372423,6.001302927650255,4.882760900812517,1.4954151250634648e-08,1.5417479106355725,4.306591492712061,0.5118379256947776,0.5,0.375,0.125,0
5,0,2.8,40.0715631149895,1.7381343235470468,2.7023668300228385,7.6138611526436275,6.052486720219733,4.882760900812566,1.495415347108063e-08,1.5417479106355834,4.306591492712069,0.5118379256947665,0.5,0.375,0.125,0
5,0,2.9,40.55983920507076,1.7381343250424621,2.856541621086397,8.044520301914835,6.1036705127892095,4.8815030971505236,1.3250447405965803e-08,1.541747912414627,4.3065914976815165,0.5130957056265202,0.5,0.375,0.125,0
5,0,3.0,41.04798951478581,1.7381343263675069,3.01071641232786,8.475179451682987,6.1549800833518615,4.877646399068776,8.026528330873355e-09,1.5417479178695612,4.3065915129188745,0.5169523309455832,0.5,0.375,0.125,0
5,0,3.1,41.53575415469269,1.7381343271701597,3.164891204114816,8.905838602974875,6.20667531644642,4.877050517749022,7.2194006328629646e-09,1.5417479187123848,4.3065915152731336,0.5175482010232453,0.5,0.375,0.125,0
5,0,3.2,42.02345920646759,1.7381343278920998,3.3190659959860547,9.336497754502188,6.2584301365487445,4.876454636429148,6.4122773757447025e-09,1.5417479195551975,4.306591517627429,0.5181440711009185,0.5,0.375,0.125,0
5,0,3.3,42.511104670110505,1.7381343285333275,3.473240787941574,9.76715690626493,6.310244543658836,4.875858755109301,5.605151898180333e-09,1.5417479203980275,4.306591519981687,0.5187399411785694,0.5,0.375,0.125,0
5,0,3.4,42.998690545621436,1.7381343290938427,3.6274155799813768,10.197816058263099,6.362118537776693,4.8752628737894765,4.798024200169944e-09,1.5417479212408378,4.306591522335946,0.5193358112562403,0.5,0.375,0.125,0
5,0,3.5,43.486216833000384,1.738134329573645,3.7815903721054607,10.628475210496694,6.414052118902317,4.8746669924693675,3.990905383943751e-09,1.541747922083657,4.306591524690187,0.5199316813339112,0.5,0.375,0.125,0
5,0,3.6,43.97368353224732,1.7381343299727356,3.9357651643138265,11.059134362965713,6.466045287035708,4.874071111149685,3.1837776859333615e-09,1.541747922926476,4.306591527044411,0.5205275514115821,0.5,0.375,0.125,0
5,0,3.7,44.46109064336229,1.7381343302911134,4.089939956606474,11.489793515670154,6.518098042176867,4.873475229829952,2.3766522083690316e-09,1.5417479237692933,4.306591529398724,0.5211234214892287,0.5,0.375,0.125,0
5,0,3.8,44.948438166345284,1.7381343305287786,4.244114748983403,11.920452668610025,6.570210384325789,4.872879348509751,1.5695289512507301e-09,1.5417479246121233,4.306591531752982,0.5217192915668973,0.5,0.375,0.125,0
5,0,3.9,45.43572610119626,1.7381343306857315,4.3982895414446155,12.351111821785324,6.622382313482479,4.87228346719021,7.624012532403405e-10,1.5417479254549247,4.306591534107206,0.5223151616445505,0.5,0.375,0.125,0
5,0,4.0,45.92295444791528,1.7381343307619717,4.552464333990108,12.781770975196045,6.674613829646934,4.871687585870052,-4.471978343190147e-11,1.5417479262977507,4.306591536461501,0.5229110317222238,0.5,0.375,0.125,0
5,0,4.1,46.410123206502284,1.7381343307574997,4.706639126619883,13.212430128842193,6.726904932819156,4.8710917045504685,-8.518452609962378e-10,1.5417479271405827,4.306591538815775,0.52350690179989,0.5,0.375,0.125,0
5,0,4.2,46.897232376957334,1.7381343306723152,4.860813919333942,13.643089282723773,6.779255622999146,4.870495823230331,-1.658975179452688e-09,1.5417479279833712,4.306591541170019,0.5241027718775567,0.5,0.375,0.125,0
5,0,4.3,47.384281959280365,1.7381343305064176,5.014988712132278,14.073748436840773,6.831665900186901,4.869899941910677,-2.4660962161249112e-09,1.5417479288262121,4.30659154352424,0.5246986419552141,0.5,0.375,0.125,0
5,0,4.4,47.871271953471435,1.738134330259808,5.1691635050149,14.5044075911932,6.884135764382423,4.86930406059061,-3.273221693689277e-09,1.5417479296690273,4.306591545878537,0.5252945120328808,0.5,0.375,0.125,0
5,0,4.5,48.358202359530495,1.7381343299324858,5.3233382979818025,14.935066745781052,6.936665215585711,4.86947222960369,-2.6929858343294295e-09,1.5417479290078229,4.306591544031606,0.5251263509082645,0.5,0.375,0.125,0
5,0,4.6,48.84514958249086,1.7381343296631873,5.477513090882584,15.365725900184211,6.989177850676537,4.870198608912918,-1.0991518806235887e-09,1.5417479272477947,4.306591539115269,0.5243999934642635,0.5,0.375,0.125,0
6,0,0.0,8.843519457013622,0.2974977375565626,0.031282352941176636,0.17326968325791955,5.638690497737588,16.937983341570817,0.21640032264832076,0.3352241279590856,1.4731123575864105,0.11841247244180231,0.508,0.188,0.313,0
6,0,0.1,10.537317791170704,0.3191377698213947,0.0648047657370852,0.3205809190165606,5.650531744981768,11.905584240616278,-4.2693451995923226e-07,0.839242908657123,3.6879776741800128,0.3238082443506407,0.508,0.188,0.313,0
6,0,0.2,11.727876215232332,0.3191377271279427,0.1487290566027975,0.6893786864345619,5.682912569416832,11.876294366864927,-1.66842059612371e-07,0.8392422884360636,3.687974948674205,0.35310370926775475,0.508,0.188,0.313,0
6,0,0.3,12.915505651918824,0.31913771044373673,0.23265328544640385,1.0581761813019823,5.718222940343607,11.844110234816206,-9.118217014769667e-08,0.839242161775088,3.687974392073917,0.3852902511379507,0.508,0.188,0.313,0
6,0,0.4,14.099916675400445,0.3191377013255197,0.3165775016239127,1.4269736205093742,5.756751965457402,11.814433568821665,-5.230452793103525e-08,0.8392421265393837,3.687974237233772,0.4149685903676482,0.508,0.188,0.313,0
6,0,0.5,15.281360032282612,0.3191376960950669,0.40050171427785103,1.7957710442327512,5.798248824494167,11.783682928697294,1.0022228158490523e-07,0.8392417936585802,3.687972774418936,0.445722958696413,0.508,0.188,0.313,0
6,0,0.6,16.45972832515234,0.3191377061172951,0.484425893643709,2.1645683216746447,5.8428211203638085,11.752932288572817,2.527490899906227e-07,0.8392414607777745,3.6879713116041044,0.4764773270252044,0.508,0.188,0.313,0
6,0,0.7,17.635021554009622,0.3191377313922041,0.5683500397214865,2.533365452835055,5.890468853066329,11.72218164844831,4.052758995065627e-07,0.8392411278969695,3.687969848789271,0.5072316953539686,0.508,0.188,0.313,0
6,0,0.8,18.807239718854454,0.31913777191979403,0.6522741525111835,2.9021624377139825,5.941192022601726,11.69025717495945,3.5049838142953154e-07,0.839241362721306,3.687970880703749,0.5391565097111252,0.508,0.188,0.313,0
6,0,0.9,19.9762654363504,0.3191378069696322,0.7361982887833141,3.2709595257843573,5.995107673572838,11.658367103470512,3.0179641452576794e-07,0.8392415809076805,3.6879718395041925,0.5710470213422792,0.508,0.188,0.313,0
6,0,1.0,21.14210214669745,0.31913783714927363,0.8201224468740821,3.6397567097347765,6.052212375707066,11.626981005465982,3.420984640012389e-07,0.8392415553555946,3.6879717272178616,0.6024350138076068,0.508,0.188,0.313,0
6,0,1.1,22.30480024724405,0.31913787135912003,0.9040466024096416,4.008553882456563,6.112455877087827,11.595594907461349,3.8240051181137655e-07,0.8392415298035127,3.687971614931507,0.6338230062729009,0.508,0.188,0.313,0
6,0,1.2,23.464359737990183,0.3191379095991712,0.9879707553899928,4.377351043949713,6.175838177715117,11.564208809456769,4.2270256073173547e-07,0.8392415042514237,3.687971502645168,0.6652109987382099,0.508,0.188,0.313,0
6,0,1.3,24.62078061893586,0.3191379518694273,1.0718949058151352,4.74614819421423,6.242359277588938,11.532464469490849,3.5179744395375015e-07,0.8392417478143444,3.6879725729605677,0.6969548998075767,0.508,0.188,0.313,0
6,0,1.4,25.774027065884944,0.3191379870491717,1.1558190805965696,5.114945451510287,6.312054767569696,11.500762503216063,2.940461679701298e-07,0.8392419595457171,3.6879735033950714,0.7286567031804652,0.508,0.188,0.313,0
6,0,1.5,26.92410331620655,0.3191380164537885,1.2397432765511414,5.483742801849794,6.384920437887742,11.469192902901948,2.773845614312262e-07,0.8392420718424357,3.687973996872952,0.7602270027394102,0.508,0.188,0.313,0
6,0,1.6,28.071022606496747,0.3191380441922446,1.323667483735385,5.8525402015370895,6.460943138161683,11.437623302588003,2.6072295433721175e-07,0.8392421841391517,3.6879744903507876,0.7917973022982949,0.508,0.188,0.313,0
6,0,1.7,29.214784936755546,0.31913807026454005,1.4075917021493,6.221337650572168,6.540122868391513,11.406053702273862,2.4406134668808456e-07,0.8392422964358662,3.687974983828625,0.823367601857176,0.508,0.188,0.313,0
6,0,1.8,30.355390306982933,0.3191380946706747,1.4915159317928868,6.590135148955031,6.62245962857723,11.380507995997869,2.4470301895895863e-08,0.8392417866233692,3.6879727435033476,0.8488935281788124,0.508,0.188,0.313,0
6,0,1.9,31.49344110658272,0.3191380971177049,1.5754401104552236,6.958932423305365,6.7073489813951115,11.3518386524382,-8.989346877985574e-08,0.8392415994001371,3.687971920767629,0.8775537110925483,0.508,0.188,0.313,0
6,0,2.0,32.62862497182654,0.31913808812835803,1.6593642703952374,7.327729615382128,6.795104352504366,11.320962852201706,-1.299274093868873e-07,0.8392416400456219,3.6879720993805933,0.9084278518887859,0.508,0.188,0.313,0
6,0,2.1,33.76072125704671,0.3191380751356171,1.7432884343997996,7.696526825320188,6.885947137693245,11.290087051965035,-1.6996134999391883e-07,0.8392416806911066,3.6879722779935133,0.939301992684979,0.508,0.188,0.313,0
6,0,2.2,34.889729962243216,0.3191380581394821,1.8272126024689104,8.06532405311954,6.979877336961743,11.259211251728486,-2.099952900458398e-07,0.8392417213365951,3.6879724566064587,0.9701761334811411,0.508,0.188,0.313,0
6,0,2.3,36.01565108741606,0.3191380371399531,1.9111367746025696,8.434121298780184,7.076894950309857,11.228335451491905,-2.500292306528704e-07,0.8392417619820783,3.6879726352194067,1.0010502742773566,0.508,0.188,0.313,0
6,0,2.4,37.13848463256525,0.31913801213703,1.9950609508007775,8.802918562302125,7.176999977737593,11.197459651255304,-2.9006317181501347e-07,0.8392418026275698,3.6879728138323533,1.031924415073532,0.508,0.188,0.313,0
6,0,2.5,38.25823059769078,0.31913798313071284,2.0789851310635346,9.17171584368536,7.280192419244946,11.166583851018633,-3.30097112422045e-07,0.8392418432730545,3.6879729924452644,1.0627985558697342,0.508,0.188,0.313,0
6,0,2.6,39.37488898279265,0.3191379501210016,2.16290931539084,9.540513142929887,7.386472274831919,11.135708050782032,-3.7013105247396507e-07,0.8392418839185326,3.6879731710582466,1.0936726966659363,0.508,0.188,0.313,0
6,0,2.7,40.48845978787085,0.31913791310789635,2.2468335037826934,9.909310460035712,7.495839544498513,11.104832250545552,-4.1016499363610996e-07,0.8392419245640234,3.6879733496711387,1.1245468374621077,0.508,0.188,0.313,0
6,0,2.8,41.5989430129254,0.319137872091397,2.3307576962390955,10.278107795002825,7.6082942282447235,11.073956450308831,-4.501989336880281e-07,0.8392419652095021,3.6879735282841044,1.1554209782583313,0.508,0.188,0.313,0
6,0,2.9,42.70633865795629,0.3191378270715036,2.4146818927600457,10.646905147831236,7.723836326070557,11.04308065007216,-4.902328742950597e-07,0.839242005854998,3.6879737068970866,1.1862951190545068,0.508,0.188,0.313,0
6,0,3.0,43.810646722963504,0.3191377780482162,2.4986060933455456,11.015702518520945,7.8424658379760075,11.012204849835772,-5.302668154572028e-07,0.839242046500485,3.6879738855100155,1.2171692598506911,0.508,0.188,0.313,0
6,0,3.1,44.91186720794708,0.31913772502153465,2.582530297995594,11.384499907071946,7.964182763961077,10.981329049599031,-5.703007555091228e-07,0.839242087145963,3.6879740641228733,1.2480434006469199,0.508,0.188,0.313,0
6,0,3.2,46.01000011290699,0.3191376679914591,2.6664545067101906,11.753297313484234,8.088987104025769,10.950453249362479,-6.10334696116157e-07,0.8392421277914582,3.6879742427359075,1.2789175414430654,0.508,0.188,0.313,0
6,0,3.3,47.10504543784323,0.3191376069579895,2.750378719489336,12.122094737757823,8.216878858170075,10.919577449125901,-6.503686367231859e-07,0.839242168436937,3.687974421348802,1.3097916822392708,0.508,0.188,0.313,0
6,0,3.4,48.19700318275582,0.3191375419211258,2.83430293633303,12.490892179892704,8.347858026394002,10.888701648889159,-6.904025773302174e-07,0.839242209082424,3.6879745999617666,1.3406658230354818,0.508,0.188,0.313,0
6,0,3.5,49.28587334764474,0.3191374728808681,2.9182271572412724,12.859689639888881,8.48192460869755,10.85782584865263,-7.304365184923605e-07,0.839242249727911,3.6879747785746955,1.3715399638316572,0.508,0.188,0.313,0
6,0,3.6,50.37165593251,0.31913739983721623,3.0021513822140635,13.22848711774635,8.619078605080716,10.82695004841617,-7.704704585442806e-07,0.8392422903733979,3.687974957187642,1.402414104627868,0.508,0.188,0.313,0
6,0,3.7,51.45435093735162,0.3191373227901704,3.0860756112514034,13.597284613465115,8.759320015543503,10.796074248179476,-8.105043985962041e-07,0.8392423310188754,3.6879751358005697,1.4332882454240499,0.508,0.188,0.313,0
6,0,3.8,52.533958362169564,0.3191372417397305,3.1699998443532906,13.966082127045171,8.902648840085908,10.765198447942899,-8.505383403134551e-07,0.8392423716643763,3.687975314413553,1.4641623862202366,0.508,0.188,0.313,0
6,0,3.9,53.610478206963855,0.3191371566858965,3.2539240815197283,14.334879658486527,9.049065078707931,10.734322647706085,-8.905722803653752e-07,0.83924241230985,3.6879754930264466,1.4950365270164476,0.508,0.188,0.313,0
6,0,4.0,54.683910471734464,0.31913706762866845,3.3378483227507134,14.703677207789172,9.198568731409576,10.703446847469744,-9.306062209724108e-07,0.8392424529553407,3.6879756716394274,1.5259106678126297,0.508,0.188,0.313,0
6,0,4.1,55.754255156481435,0.31913697456804635,3.421772568046247,15.072474774953113,9.351159798190839,10.67404376460837,-8.35715665004062e-07,0.8392420622552477,3.687973954742885,1.5553133945638205,0.508,0.188,0.313,0
6,0,4.2,56.82165953294228,0.31913689099647985,3.5056967742717724,15.441272170427403,9.506691137647222,10.645982533320828,-6.178900163744694e-07,0.8392412785389766,3.6879705107720495,1.5833754572571357,0.508,0.188,0.313,0
6,0,4.3,57.886257786274356,0.3191368292074782,3.5896209021256698,15.810069221504607,9.665028683372935,10.616460246865046,-5.339204189880291e-07,0.8392409227525466,3.68796894730046,1.6128972821096268,0.508,0.188,0.313,0
6,0,4.4,58.94790381096087,0.3191367758154363,3.673544994400925,16.178866116234655,9.826318411583898,10.586937960409168,-4.4995082215670993e-07,0.8392405669660915,3.687967383828883,1.642419106962111,0.508,0.188,0.313,0
6,0,4.5,60.00659760700178,0.3191367308203541,3.7574690510975337,16.547662854617542,9.990560322280109,10.557415673953267,-3.6598122310493996e-07,0.8392402111796601,3.6879658203572907,1.6719409318146343,0.508,0.188,0.313,0
7,0,0.0,22.571815384615512,0.4074244343891424,0.0,6.557893212669718,6.470804524886912,35.08991978011629,0.03807844608230693,0.0,0.0,0.0,0.571,0.429,0.0,1
7,0,0.1,26.08080736262714,0.4112322789973731,0.0,6.557893212669718,6.470804524886912,35.408960856314984,0.038424659139908446,0.0,0.0,0.0,0.571,0.429,0.0,1
7,0,0.2,29.62170344825864,0.4150747449113639,0.0,6.557893212669718,6.470804524886912,35.72634524499652,0.0387690744137953,0.0,0.0,0.0,0.571,0.429,0.0,1
7,0,0.3,33.19433797275829,0.41895165235274345,0.0,6.557893212669718,6.470804524886912,36.055250604358505,0.03912599187246067,0.0,0.0,0.0,0.571,0.429,0.0,1
7,0,0.4,36.79986303319414,0.4228642515399895,0.0,6.557893212669718,6.470804524886912,36.39120145834739,0.03949055487403042,0.0,0.0,0.0,0.571,0.429,0.0,1
7,0,0.5,40.43898317902888,0.42681330702739256,0.0,6.557893212669718,6.470804524886912,36.72128819311802,0.03984875432308133,0.0,0.0,0.0,0.571,0.429,0.0,1
7,0,0.6,44.11111199834068,0.4307981824597007,0.0,6.557893212669718,6.470804524886912,37.06734359335031,0.04022428245143873,0.0,0.0,0.0,0.571,0.429,0.0,1
7,0,0.7,47.81784635767571,0.43482061070484457,0.0,6.557893212669718,6.470804524886912,37.41341809756637,0.040599831310820754,0.0,0.0,0.0,0.571,0.429,0.0,1
7,0,0.8,51.55918816743235,0.43888059383592665,0.0,6.557893212669718,6.470804524886912,37.761854940899234,0.04097794370428454,6.861587362724101e-12,3.2684965844964617e-12,7.670308832530283e-11,0.571,0.429,0.0,1
7,0,0.9,55.335373661522276,0.4429783882063551,6.861587362724099e-13,6.557893212670045,6.470804524894582,38.111743541458985,0.0413576314977332,1.32406786724431e-11,6.306066779870891e-12,1.480060518588289e-10,0.571,0.429,0.0,1
7,0,1.0,59.14654801566817,0.4471141513561284,2.0102266035167197e-12,6.557893212670676,6.470804524909383,17.736875939422617,0.020637256357736704,1.8686937270368482,0.8903094506000012,3.9040295530963895,0.571,0.429,0.0,1
7,0,1.1,60.92023560961044,0.4491778769919021,0.1868693727056952,6.646924157730676,6.861207480219022,-2.511700164514753,5.024869409453465e-12,3.7043633773529527,1.7648851042827143,7.712002705403329,0.571,0.429,0.0,1
7,0,1.2,60.66906559315896,0.4491778769924046,0.55730571044099,6.823412668158947,7.632407750759354,-2.4950888731648724,1.3750112159982552e-12,3.7043633776790688,1.764885104438106,7.695391411147458,0.571,0.429,0.0,1
7,0,1.3,60.419556705842474,0.4491778769925421,0.9277420482088972,6.999901178602758,8.4019468918741,-2.4950888731647356,1.3744561044859456e-12,3.7043633776790723,1.7648851044380922,7.69539141114744,0.571,0.429,0.0,1
7,0,1.4,60.170047818526,0.4491778769926795,1.298178385976804,7.176389689046567,9.171486032988843,-2.4950888731649434,1.3750112159982552e-12,3.7043633776790688,1.7648851044380882,7.695391411147458,0.571,0.429,0.0,1
7,0,1.5,59.92053893120951,0.449177876992817,1.668614723744711,7.352878199490376,9.94102517410359,-2.4866562807618897,1.1485257189747234e-12,3.7043633776994525,1.7648851044477871,7.686958818564371,0.571,0.429,0.0,1
7,0,1.6,59.67187330313332,0.4491778769929319,2.0390510615146566,7.529366709935155,10.709721055960028,-2.464718469825019,5.584421813864544e-13,3.7043633777525025,1.7648851044730864,7.665021007158322,0.571,0.429,0.0,1
7,0,1.7,59.425401456150816,0.4491778769929877,2.4094873992899064,7.705855220382463,11.476223156675859,-2.454474567590308,2.825517597671021e-13,3.7043633777772658,1.7648851044848597,7.654777104704788,0.571,0.429,0.0,1
7,0,1.8,59.179953999391785,0.449177876993016,2.7799237370676333,7.882343730830949,12.241700867146339,-2.4442306653556787,8.326672684688685e-15,3.704363377802036,1.7648851044966853,7.64453320225127,0.571,0.429,0.0,1
7,0,1.9,58.93553093285622,0.4491778769930168,3.1503600748478364,8.058832241280617,13.006154187371465,-2.434734693157521,-5.884182030513325e-14,3.704363377808179,1.7648851044995857,7.6350372300001474,0.571,0.429,0.0,1
7,0,2.0,58.692057463540465,0.4491778769930109,3.5207964126286546,8.235320751730576,13.76965791037148,-2.429046649961746,9.364731212713187e-13,3.7043633777195475,1.764885104457415,7.629349187597072,0.571,0.429,0.0,1
7,0,2.1,58.44915279854429,0.4491778769931046,3.8912327504006097,8.411809262176318,14.532592829131188,-2.419440546443139,8.393286066166176e-13,3.704363377728438,1.7648851044616072,7.619743084001033,0.571,0.429,0.0,1
7,0,2.2,58.207208743899976,0.4491778769931885,4.261669088173454,8.588297772622479,15.294567137531292,-2.4098344429244007,7.40518757424982e-13,3.7043633777373186,1.764885104465825,7.610136980404958,0.571,0.429,0.0,1
7,0,2.3,57.96622529960754,0.44917787699326256,4.632105425947184,8.76478628306906,16.055580835571785,-2.400228339405641,6.439293542825902e-13,3.7043633777462373,1.7648851044700804,7.600530876808904,0.571,0.429,0.0,1
7,0,2.4,57.72620246566697,0.44917787699332695,5.002541763721808,8.941274793516069,16.815633923252676,-2.3906222358869633,5.462297281155765e-13,3.7043633777551013,1.7648851044743081,7.590924773212883,0.571,0.429,0.0,1
7,0,2.5,57.487140242078276,0.4491778769933816,5.372978101497319,9.1177633039635,17.574726400573965,-2.3810161323682144,4.490852134608754e-13,3.704363377763992,1.7648851044785536,7.581318669616792,0.571,0.429,0.0,1
7,0,2.6,57.249038628841454,0.4491778769934265,5.743414439273718,9.294251814411355,18.332858267535645,-2.3714100288496787,3.5138558729386174e-13,3.7043633777729004,1.7648851044828169,7.571712566020807,0.571,0.429,0.0,1
7,0,2.7,57.011897625956486,0.4491778769934616,6.113850777051009,9.470740324859637,19.090029524137726,-2.3618039253309404,2.5424107263916176e-13,3.7043633777817897,1.764885104486999,7.562106462424678,0.571,0.429,0.0,1
7,0,2.8,56.77571723342339,0.44917787699348705,6.484287114829186,9.647228835308336,19.84624017038019,-2.3521978218120387,1.548761119352092e-13,3.704363377790673,1.7648851044912723,7.5525003588287305,0.571,0.429,0.0,1
7,0,2.9,56.54049745124219,0.44917787699350253,6.854723452608254,9.823717345757464,20.601490206263065,-2.342591718293361,5.939693181744582e-14,3.7043633777995546,1.7648851044955,7.5428942552326035,0.571,0.429,0.0,1
7,0,3.0,56.30623827941285,0.4491778769935085,7.22515979038821,10.000205856207014,21.355779631786326,-2.332985614774825,-3.830269434956787e-14,3.704363377808472,1.7648851044997456,7.5332881516365475,0.571,0.429,0.0,1
7,0,3.1,56.07293971793537,0.44917787699350464,7.595596128169057,10.176694366656989,22.109108446949982,-2.323379511256005,-1.3600232051658155e-13,3.7043633778173537,1.7648851045039378,7.523682048040492,0.571,0.429,0.0,1
7,0,3.2,55.84060176680977,0.44917787699349104,7.966032465950793,10.353182877107383,22.86147665175403,-2.313773407737267,-2.3370194668359626e-13,3.704363377826243,1.7648851045082088,7.514075944444398,0.571,0.429,0.0,1
7,0,3.3,55.60922442603604,0.4491778769934677,8.336468803733416,10.529671387558203,23.61288424619847,-2.3041673042186495,-3.314015728506089e-13,3.704363377835126,1.7648851045124643,7.504469840848486,0.571,0.429,0.0,1
7,0,3.4,55.37880769561418,0.44917787699343453,8.706905141516929,10.70615989800945,24.36333123028332,-2.2945612006999005,-4.2743586448068486e-13,3.7043633778440257,1.7648851045166742,7.494863737252325,0.571,0.429,0.0,1
7,0,3.5,55.14935157554419,0.4491778769933918,9.077341479301332,10.882648408461117,25.11281760400855,-2.2857599502561476,-6.99440505513848e-14,3.704363377811412,1.7648851045011311,7.48606248709286,0.571,0.429,0.0,1
7,0,3.6,54.92077558051857,0.4491778769933848,9.447777817082473,11.05913691891123,25.861423852717838,-2.27645761824675,3.885780586188045e-15,3.7043633778045906,1.7648851044978804,7.476760155142508,0.571,0.429,0.0,1
7,0,3.7,54.6931298186939,0.4491778769933852,9.818214154862932,11.235625429361018,26.60909986823209,-2.2669948503269746,-1.1657341758564185e-14,3.7043633778060814,1.7648851044986342,7.4672973872096104,0.571,0.429,0.0,1
7,0,3.8,54.4664303336612,0.449177876993384,10.18865049264354,11.412113939810881,27.355829606953048,-2.2575320824069656,-2.942091015256662e-14,3.704363377807628,1.7648851044993192,7.457834619276825,0.571,0.429,0.0,1
7,0,3.9,54.240677125420504,0.4491778769933811,10.559086830424302,11.588602450260813,28.10161306888073,-2.248069314486896,-4.4408920985006224e-14,3.7043633778091025,1.7648851045000475,7.448371851343894,0.571,0.429,0.0,1
7,0,4.0,54.015870193971814,0.44917787699337663,10.929523168205213,11.765090960710818,28.84645025401512,-2.2386065465670493,-6.16173778666964e-14,3.7043633778105756,1.7648851045007659,7.438909083410925,0.571,0.429,0.0,1
7,0,4.1,53.79200953931511,0.4491778769933705,11.29995950598627,11.941579471160894,29.59034116235621,-2.2291437786471016,-7.66053886991354e-14,3.704363377812106,1.764885104501443,7.42944631547807,0.571,0.429,0.0,1
7,0,4.2,53.5690951614504,0.4491778769933628,11.670395843767482,12.11806798161104,30.33328579390402,-2.219681010727194,-9.436895709313865e-14,3.7043633778135776,1.764885104502187,7.419983547545206,0.571,0.429,0.0,1
7,0,4.3,53.34712706037768,0.4491778769933534,12.040832181548838,12.294556492061258,31.07528414865854,-2.210218242807033,-1.0991207943788992e-13,3.70436337781509,1.764885104502882,7.410520779612245,0.571,0.429,0.0,1
7,0,4.4,53.126105236096976,0.4491778769933424,12.41126851933035,12.471045002511547,31.816336226619768,-2.2007554748873384,-1.265654248072683e-13,3.704363377816562,1.764885104503608,7.401058011679309,0.571,0.429,0.0,1
7,0,4.5,52.90602968860824,0.4491778769933297,12.781704857112004,12.647533512961907,32.556442027787696,-2.1912927069672685,-1.432187701766457e-13,3.7043633778181073,1.7648851045043186,7.391595243746449,0.571,0.429,0.0,1
7,0,4.6,52.68690041791152,0.4491778769933154,13.152141194893813,12.824022023412338,33.29560155216234,-2.1818299390473923,-1.593170040337091e-13,3.704363377819531,1.7648851045050136,7.382132475813595,0.571,0.429,0.0,1
7,0,4.7,52.468717424006776,0.4491778769932995,13.522577532675768,13.00051053386284,34.0338147997437,-2.1723671711274126,-1.7597034940308794e-13,3.7043633778210916,1.7648851045057397,7.372669707880658,0.571,0.429,0.0,1
