composition,trial,time,acetate,biomass,butanol,butyrate,ethanol
1,1,0.0,16.905028959276112,0.42954570135746833,0.029818099547511474,0.07552850678733072,15.895239819004608
1,1,0.1,18.00119547511322,0.42107601809954975,0.028259728506787492,0.06103348416289628,15.607022624434475
1,1,0.2,19.831073303167532,0.4108027149321289,0.02831583710407257,0.05101266968325825,15.14413484162904
1,1,0.3,22.196248868778405,0.4036018099547533,0.031357466063348605,0.05036651583710442,14.52230769230777
1,1,0.4,25.293924886877967,0.4037085972850701,0.028699547511312404,0.03551402714932159,13.956015384615458
1,1,0.5,29.005156561086128,0.4062135746606357,0.031038009049773982,0.04112307692307733,13.322047963800976
1,1,0.6,32.89933303167439,0.4108479638009072,0.043533031674208446,0.08122081447963872,12.648213574660701
1,1,0.7,36.745003619909696,0.41672488687783027,0.07029592760181042,0.16721900452488808,12.061396380090562
1,1,0.8,40.32964886877849,0.42421538461538694,0.1141185520361998,0.3083022624434409,11.496555656108658
1,1,0.9,43.43828054298666,0.432877828054301,0.17682081447963907,0.5089665158371071,10.975655203619969
1,1,1.0,45.9002533936654,0.44194027149321513,0.23415022624434528,0.749057013574665,10.477145701357522
1,1,1.1,47.47739185520388,0.4516443438914052,0.3156117647058842,1.0726570135746667,10.0535909502263
1,1,1.2,47.94191945701383,0.46161447963801155,0.42794208144796625,1.4617891402715015,9.692744796380145
1,1,1.3,47.07631402714958,0.4713411764705907,0.5751031674208178,1.8956769230769335,9.370172850678786
1,1,1.4,46.24443710407265,0.47906696832579443,0.7584271493212713,2.35246787330318,9.391944796380145
1,1,1.5,46.09785067873328,0.4853864253393691,0.9802497737556617,2.8227475113122322,9.807828054298696
1,1,1.6,45.8398461538464,0.49126334841629227,1.2370298642534006,3.2862696832579363,10.376030769230827
1,1,1.7,45.48357104072423,0.49701900452488956,1.5228760180995558,3.7217357466063548,11.01140180995481
1,1,1.8,45.05044343891427,0.5030380090497765,1.8291257918552137,4.106156561085995,11.610454298642596
1,1,1.9,44.57000723981925,0.5103221719457042,2.1633212669683375,4.4745230769231,12.1044579185521
1,1,2.0,44.028123076923315,0.5178199095022652,2.5171782805430003,4.817951131221745,12.5978542986426
1,1,2.1,43.44263348416313,0.5254407239819033,2.882998190045264,5.137111312217222,13.08481266968333
1,1,2.2,42.836142081448195,0.5329990950226273,3.2510705882353115,5.433504977375596,13.559050678733104
1,1,2.3,42.23649321266991,0.5402823529411794,3.609811764705902,5.710282352941206,14.013495927601884
1,1,2.4,41.67622443438937,0.5471891402714962,3.94569411764708,5.971495022624467,14.440424434389218
1,1,2.5,41.11577556561108,0.5543601809954781,4.291495022624458,6.262865158371074,14.894251583710489
1,1,2.6,40.55522443438936,0.5614950226244374,4.637171040724008,6.554323981900488,15.3481104072399
1,1,2.7,39.99477556561108,0.5685049773755687,4.982828959276045,6.845676018099583,15.801889592760265
1,1,2.8,39.43422443438935,0.575639819004528,5.328504977375594,7.137134841628998,16.255748416289684
1,1,2.9,38.87377556561107,0.5828108597285099,5.6743058823529715,7.4285049773756056,16.70957556561095
1,1,3.0,38.313224434389355,0.5900000000000032,6.0200000000000315,7.7200000000000415,17.163398190045342
1,1,3.1,37.75002262443459,0.597542081447967,6.361600000000035,8.03810678733036,17.606019909502358
1,1,3.2,37.186330316742286,0.6051248868778313,6.702624434389176,8.360523981900498,18.04668235294127
1,1,3.3,36.62416380090519,0.6124814479638042,7.045728506787368,8.668700452488734,18.493388235294216
1,1,3.4,36.06505701357486,0.619319457013578,7.393451583710447,8.947158371040771,18.952701357466168
1,1,3.5,35.51020000000019,0.6257303167420848,7.747537556561127,9.18404072398195,19.429546606334945
1,1,3.6,34.96036832579204,0.6315122171945735,8.109414479638055,9.370631674208195,19.9275484162897
1,1,3.7,34.41619366515856,0.6365791855203654,8.479647058823574,9.502036199095073,20.448892307692418
1,1,3.8,33.877754751131405,0.64089049773756,8.85861357466068,9.576432579185571,20.99418642533948
1,1,3.9,33.34498642533954,0.6444506787330352,9.24616742081453,9.595410859728558,21.562800000000117
1,1,4.0,32.81727058823547,0.6473095022624471,9.64129864253399,9.564311312217246,22.152592760181115
1,1,4.1,32.293915837104244,0.6494914027149357,10.042881447963856,9.49154751131227,22.76005610859741
1,1,4.2,31.773477828054467,0.6514045248868814,10.448994570135802,9.389153846153896,23.380042533936777
1,1,4.3,31.254506787330484,0.6531638009049809,10.857400904977434,9.272305882352992,24.00596561085986
1,1,4.4,30.818788235294285,0.6550000000000036,11.241847058823591,9.203058823529464,24.58517647058837
1,1,4.5,30.357434389140437,0.657330316742085,11.646787330316805,9.161529411764755,25.188963800905118
1,1,4.6,29.84489954751147,0.6596660633484198,12.069060633484227,9.095766515837152,25.824116742081586
1,1,4.7,29.25883529411781,0.6618895927601846,12.501822624434457,8.985311312217243,26.486001809954892
1,1,4.8,28.582840723982056,0.6639013574660669,12.939046153846224,8.814247058823579,27.16978642533951
1,1,4.9,27.8065945701359,0.6657583710407277,13.375382805429936,8.571469683257964,27.87030045248884
1,1,5.0,26.924287718164184,0.6671320297349708,13.785823012281837,8.235190950226245,28.556477213962488
1,1,5.1,25.953960019392365,0.66827443438914,14.192357918552036,7.833733322559793,29.253378926955374
1,1,5.2,24.895611473820285,0.6691855850032318,14.594987524240462,7.3670968002585635,29.96100559146733
1,1,5.3,23.749242081447946,0.6698654815772458,14.993711829347118,6.835281383322556,30.679357207498352
1,1,5.4,22.514851842275345,0.6703141241111823,15.388530833872002,6.23828707175177,31.408433775048444
1,1,5.5,21.19244075630248,0.6705315126050411,15.779444537815113,5.576113865546208,32.1482352941176
1,1,5.6,19.78200882352936,0.6705176470588223,16.166452941176455,4.848761764705868,32.898761764705824
1,2,0.0,15.080408144796465,0.3895113122171967,0.1804552036199105,0.06202533936651619,16.583848868778368
1,2,0.1,15.6215773755657,0.3818009049773776,0.2114696832579197,0.050514932126697144,15.962252488687867
1,2,0.2,17.380309502262545,0.37238099547511516,0.2473067873303181,0.04635203619909532,15.200817194570217
1,2,0.3,20.44868778280555,0.36619909502262643,0.2871945701357482,0.05331221719457051,14.426040723981977
1,2,0.4,25.048431674208285,0.36369411764706083,0.3204832579185538,0.05552488687782847,13.764389140271566
1,2,0.5,31.019668778280717,0.3595330316742101,0.36069411764706083,0.07548416289592813,13.029444343891473
1,2,0.6,37.73112036199116,0.35635565610859926,0.4107728506787353,0.1213348416289601,12.337932126696899
1,2,0.7,44.55914841628983,0.3544153846153865,0.4730606334841655,0.1986877828054311,11.798705882353005
1,2,0.8,51.10337013574688,0.354049773755658,0.5507972850678764,0.31186606334841815,11.329986425339428
1,2,0.9,56.89279004524917,0.35568959276018297,0.6451212669683294,0.46196651583710674,10.93883257918558
1,2,1.0,61.53742081447996,0.3588262443438934,0.7269873303167461,0.6075276018099582,10.601847058823587
1,2,1.1,64.41578914027183,0.36465339366516036,0.8303900452488735,0.7973085972850724,10.33507058823535
1,2,1.2,65.27015384615419,0.3730796380090518,0.9639918552036254,1.0379076923076982,10.121412669683314
1,2,1.3,63.85898009049807,0.38430678733031887,1.1334090497737621,1.3303285067873378,9.932876018099602
1,2,1.4,61.43444977375599,0.3941990950226265,1.3446180995475188,1.675644343891412,9.90820904977381
1,2,1.5,59.17363710407271,0.4015294117647081,1.6014045248868867,2.080472398190057,10.103721266968382
1,2,1.6,56.63897828054329,0.4084832579185543,1.8988470588235402,2.536077828054313,10.395127601810012
1,2,1.7,54.19947149321296,0.41522624434389366,2.2310678733031795,3.031741176470605,10.738360180995535
1,2,1.8,52.277514932126984,0.4217511312217217,2.5890470588235437,3.5523556561086167,11.078862443438974
1,2,1.9,51.00226696832607,0.4290470588235317,2.982090497737573,4.1160823529411985,11.3737429864254
1,2,2.0,49.98531674208172,0.43630859728507027,3.3993619909502453,4.706925791855229,11.67975384615391
1,2,2.1,49.191460633484425,0.44342714932126936,3.831356561085994,5.31300180995478,11.991114027149386
1,2,2.2,48.56909954751158,0.450352941176473,4.266636199095045,5.919493212669715,12.300977375565678
1,2,2.3,48.04997104072424,0.4570977375565636,4.691082352941201,6.509058823529447,12.601294117647125
1,2,2.4,47.54907873303193,0.4633257918552061,5.088504977375592,7.061495022624473,12.882810859728576
1,2,2.5,46.87142443438939,0.4700000000000025,5.497134841628989,7.632865158371081,13.175639819004596
1,2,2.6,46.193845248869025,0.476674208144799,5.90567601809958,8.204323981900497,13.468504977375638
1,2,2.7,45.516154751131474,0.48332579185520624,6.314323981900487,8.775676018099595,13.761495022624509
1,2,2.8,44.838575565611094,0.49000000000000266,6.722865158371076,9.34713484162901,14.054360180995552
1,2,2.9,44.160921266968565,0.4966742081447991,7.131495022624473,9.918504977375619,14.34718914027157
1,2,3.0,43.48327601809978,0.5033257918552063,7.54000000000004,10.490000000000055,14.640000000000079
1,2,3.1,42.83205339366538,0.5107058823529439,7.934034389140313,11.123612669683318,14.935140271493292
1,2,3.2,42.18512579185544,0.518133031674211,8.325640723981945,11.767453393665221,15.230686877828138
1,2,3.3,41.5240117647061,0.525216289592763,8.725067873303214,12.377934841629024,15.525015384615468
1,2,3.4,40.83360542986447,0.5315140271493242,9.140771040724031,12.91902443438921,15.816800000000086
1,2,3.5,40.101976470588454,0.5367366515837133,9.57914117647064,13.363062443438986,16.104875113122258
1,2,3.6,39.32070859728528,0.5407466063348446,10.04484343891408,13.689943891402788,16.388573755656196
1,2,3.7,38.48476108597306,0.5434262443438944,10.540678733031731,13.887936651583786,16.66745701357475
1,2,3.8,37.59240090497758,0.5446099547511342,11.067654298642594,13.952933936651657,16.941384615384706
1,2,3.9,36.64533846153866,0.5444226244343922,11.624780995475174,13.88879276018107,17.21051493212679
1,2,4.0,35.64865972850698,0.5430090497737586,12.209276018099613,13.707672398190118,17.475304977375657
1,2,4.1,34.61075837104091,0.5403954751131251,12.816562895927671,13.429286877828126,17.736510407239912
1,2,4.2,33.543542081448145,0.5370986425339397,13.440000904977449,13.081723076923145,17.99504705882363
1,2,4.3,32.46202352941194,0.5335167420814508,14.071223529411842,12.700622624434459,18.252329411764805
1,2,4.4,31.383729411764875,0.5300000000000029,14.623552941176548,12.377505882353008,18.399741176470688
1,2,4.5,30.25729411764722,0.5269773755656137,15.19194117647067,12.102683257918617,18.54952941176481
1,2,4.6,29.119200904977532,0.5239013574660661,15.808739366515923,11.798532126696898,18.761687782805534
1,2,4.7,28.02258823529427,0.5209031674208173,16.48758371040733,11.45311855203626,19.086895022624535
1,2,4.8,27.0106497737558,0.5180868778280571,17.237595475113217,11.057673303167482,19.56411764705893
1,2,4.9,26.117175565611,0.5156678733031702,18.063922171945798,10.606730316742139,20.220339366515947
1,2,5.0,25.45119473173884,0.513832094376212,18.957740627020037,10.098194764059468,21.107289043309628
1,2,5.1,24.902066515837095,0.51231047188106,19.916903135100192,9.541052391725916,22.156666645119582
1,2,5.2,24.469790917905613,0.5111030058177116,20.941409696186163,8.93530319974143,23.368472171945694
1,2,5.3,24.154367937944397,0.5102096961861666,22.03126031027795,8.280947188106005,24.74270562378797
1,2,5.4,23.955797575953444,0.5096305429864251,23.186454977375554,7.577984356819641,26.279367000646403
1,2,5.5,23.874079831932754,0.509365546218487,24.406993697478974,6.826414705882341,27.978456302520996
1,2,5.6,23.909214705882334,0.5094147058823524,25.69287647058821,6.026238235294102,29.83997352941175
2,1,0.0,17.195570135746703,0.3522099547511331,0.06762081447963837,0.1571556561085981,21.067345701357578
2,1,0.1,20.024342081448076,0.35063891402715125,0.06499185520362026,0.16107511312217282,21.56163529411776
2,1,0.2,23.290536651583842,0.3472778280543005,0.06208959276018134,0.16068687782805519,21.422590950226358
2,1,0.3,27.217236199095172,0.34878733031674397,0.06161447963800941,0.15939728506787418,21.096053393665272
2,1,0.4,31.610524886878004,0.3528018099547531,0.0590171945701361,0.1459529411764714,20.602166515837215
2,1,0.5,36.89646515837124,0.3628470588235314,0.062122171945701736,0.13972307692307775,20.153565610859836
2,1,0.6,42.82000904977399,0.37822624434389346,0.0738461538461543,0.15345701357466157,19.990937556561196
2,1,0.7,48.75799638009076,0.3947963800904999,0.09052126696832632,0.1862787330316754,19.855670588235405
2,1,0.8,54.42802533936681,0.4116742081447986,0.12245972850678805,0.26532217194570296,19.849524886877937
2,1,0.9,59.892210859728834,0.4279339366515861,0.16883529411764803,0.38697375565611086,19.980570135746714
2,1,1.0,64.91105520362026,0.44385339366516074,0.2282000000000013,0.5409031674208176,20.245493212669793
2,1,1.1,69.29938642533975,0.45888778280543235,0.2984814479638026,0.719295927601814,20.642868778280654
2,1,1.2,72.90405248868818,0.47231945701357725,0.37691221719457224,0.9127619909502313,21.16172398190057
2,1,1.3,75.60419185520402,0.4836669683257945,0.4603004524886902,1.1109447963800965,21.78153846153858
2,1,1.4,77.31082443438956,0.4922760180995502,0.544620814479641,1.3019122171945772,22.472244343891525
2,1,1.5,78.69750678733075,0.4999438914027176,0.6298542986425373,1.4850334841629038,23.21554932126709
2,1,1.6,79.57078461538504,0.5062027149321294,0.7134561085972889,1.6565882352941266,24.011521266968458
2,1,1.7,80.07241628959319,0.5113194570135774,0.7925556561086016,1.8105221719457112,24.835458823529546
2,1,1.8,80.38623167420857,0.5156606334841657,0.8637565610859774,1.9404914027149427,25.65695022624448
2,1,1.9,80.96582443438957,0.5208000000000028,0.9338597285067923,2.0663764705882466,26.490411764706025
2,1,2.0,81.66204705882397,0.525705882352944,0.9741058823529465,2.1645647058823645,27.164741176470734
2,1,2.1,82.40868144796424,0.5306588235294146,1.010869683257924,2.2619176470588362,27.820694117647207
2,1,2.2,83.17810407239864,0.5361592760181024,1.0678470588235354,2.384470588235307,28.58489049773771
2,1,2.3,83.71702443438959,0.5413122171945731,1.1514859728506852,2.523555656108611,29.470968325792015
2,1,2.4,83.91737918552082,0.5458506787330347,1.2707864253393737,2.6825457013574807,30.507995475113287
2,1,2.5,83.70028778280587,0.5495710407239849,1.4318678733031753,2.863571945701373,31.714704977375735
2,1,2.6,83.0163909502267,0.5523330316742112,1.6383076923077016,3.067453393665175,33.099495022624616
2,1,2.7,81.84558009049817,0.5540597285067903,1.8908705882353045,3.293835294117665,34.66042895927621
2,1,2.8,80.1970678733036,0.554737556561089,2.187579185520374,3.540850678733051,36.38523529411785
2,1,2.9,78.18244705882394,0.5539927601809985,2.45489049773757,3.7652968325792058,38.15707239819025
2,1,3.0,75.62261990950266,0.5520796380090528,2.768954751131237,4.015291402714954,40.15762262443461
2,1,3.1,72.71823529411803,0.5497203619909532,3.146144796380108,4.2974171945701585,42.296575565611086
2,1,3.2,69.6848361990954,0.547489592760184,3.5946959276018298,4.614509502262468,44.47885248868802
2,1,3.3,66.75278914027186,0.5458823529411796,4.11463529411767,4.965247058823556,46.60419728506813
2,1,3.4,64.16742262443472,0.5455846153846184,4.697920361990977,5.344428959276048,48.56758552036225
2,1,3.5,61.82356561086006,0.5467873303167451,5.379469683257948,5.779882352941208,50.52563076923105
2,1,3.6,59.70986425339398,0.5493031674208175,6.153956561086006,6.261763800905012,52.40290135746635
2,1,3.7,57.842831674208455,0.5530868778280573,7.015188235294156,6.7862063348416655,54.18453484162925
2,1,3.8,56.22469230769261,0.5579502262443469,7.95171493212674,7.346837104072438,55.86123529411795
2,1,3.9,54.84297285067903,0.5638325791855234,8.946420814479687,7.934438914027192,57.428864253393975
2,1,4.0,53.46701001939235,0.5692094053005816,9.88288041370394,8.48938325791855,58.95226438267614
2,1,4.1,52.259157239818975,0.5751755979314801,10.84872349709114,9.056780575307045,60.38978619909501
2,1,4.2,51.219414511958604,0.5817311570782157,11.843950064641234,9.636630866192629,61.741429702650265
2,1,4.3,50.34778183581122,0.5888760827407883,12.868560116354228,10.228934130575304,63.00719489334192
2,1,4.4,49.64425921137683,0.5966103749191981,13.922553652230114,10.83369036845507,64.18708177116997
2,1,4.5,49.10884663865542,0.6049340336134449,15.005930672268896,11.450899579831928,65.2810903361344
2,1,4.6,48.74154411764702,0.6138470588235289,16.118691176470573,12.080561764705875,66.28922058823522
2,2,0.0,15.409038009049858,0.3697864253393685,0.06817918552036235,0.0359882352941179,24.36996199095035
2,2,0.1,16.6526515837105,0.3624380090497757,0.06072669683257953,0.034497737556561325,24.147547511312347
2,2,0.2,18.29485158371051,0.35766153846154036,0.053046153846154145,0.04157556561086004,23.348573755656233
2,2,0.3,20.740790950226362,0.3603348416289612,0.04933122171945731,0.059887782805430334,22.486990950226364
2,2,0.4,24.16592760181009,0.3650081447963821,0.041313122171945986,0.08012307692307755,21.518361990950343
2,2,0.5,29.121471493212827,0.3739040723981921,0.04400180995475144,0.13841628959276114,20.70867420814491
2,2,0.6,35.12400452488707,0.386081447963803,0.06312760180995519,0.23996832579185673,20.274167420814592
2,2,0.7,41.47215203619932,0.40064796380090717,0.09751493212669748,0.38231493212669915,20.057580090497844
2,2,0.8,47.50447692307718,0.4176542986425362,0.16326787330316844,0.5900561085972885,20.15004343891414
2,2,0.9,53.13065701357494,0.4359710407239842,0.2549285067873318,0.8477348416289641,20.460015384615495
2,2,1.0,58.088909502262744,0.45505158371040966,0.3666090497737577,1.1369846153846215,20.939181900452603
2,2,1.1,62.14808506787363,0.4736054298642559,0.49196561085973123,1.4398823529411842,21.53356289592772
2,2,1.2,65.09707963800939,0.4905601809954777,0.6238479638009083,1.7380280542986517,22.1794009049775
2,2,1.3,66.74483438914062,0.5048524886877854,0.7549085972850719,2.0122063348416397,22.80268416289605
2,2,1.4,66.9202651583714,0.5155665158371068,0.8769936651583758,2.242586425339378,23.31941719457026
2,2,1.5,66.55786515837138,0.5240877828054327,0.9898660633484215,2.439177375565624,23.71475022624447
2,2,1.6,65.79185610859764,0.5302199095022653,1.090045248868784,2.596856108597299,24.049456108597415
2,2,1.7,64.9977384615388,0.5342552036199124,1.1734452488687845,2.712435294117662,24.325777375565742
2,2,1.8,64.61971764705918,0.5364217194570164,1.2360072398190112,2.783830769230784,24.548779185520495
2,2,1.9,64.93683619909538,0.538883257918555,1.2937058823529481,2.8506244343891556,24.786918552036333
2,2,2.0,65.35481176470624,0.5409176470588265,1.313470588235301,2.8847176470588387,24.81511764705896
2,2,2.1,65.75935203619946,0.5431755656108627,1.3296470588235367,2.918763800904993,24.816669683258056
2,2,2.2,66.026013574661,0.5462959276018129,1.3738208144796458,2.985380090497754,24.954370135746743
2,2,2.3,66.24035565610896,0.5492597285067904,1.451247963800913,3.0723013574660802,25.295639819004663
2,2,2.4,66.37576108597321,0.5519312217194601,1.5736814479638097,3.185942081447981,25.91632488687797
2,2,2.5,66.41246244343927,0.5540723981900483,1.7494063348416389,3.330516742081466,26.869852488687926
2,2,2.6,66.33795113122208,0.5556814479638039,1.9831692307692417,3.5084488687782995,28.187569230769387
2,2,2.7,66.1465683257922,0.5567221719457044,2.2763167420814607,3.7199619909502464,29.87847058823546
2,2,2.8,65.83991402714967,0.5571945701357497,2.626457013574675,3.963488687782827,31.929271493212845
2,2,2.9,65.55109411764741,0.5565701357466094,2.9634950226244507,4.197423529411788,34.20600633484182
2,2,3.0,65.15253484162932,0.5553212669683288,3.363465158371059,4.468408144796404,36.92348778280563
2,2,3.1,64.61203800905011,0.5539429864253425,3.8321927601810164,4.778306787330342,39.91202081447985
2,2,3.2,63.91504886877863,0.5529466063348447,4.36787239819007,5.1247755656108875,42.99144886877852
2,2,3.3,63.06513303167455,0.5528597285067903,4.960997285067901,5.501333031674237,45.97142443438939
2,2,3.4,62.083838009050105,0.5540941176470618,5.594497737556591,5.897089592760214,48.65086787330343
2,2,3.5,60.933708597285396,0.5568778280543016,6.305710407239854,6.3378642533936995,51.19229321266995
2,2,3.6,59.59860995475145,0.5610398190045279,7.088479638009089,6.816867873303205,53.548445248869065
2,2,3.7,58.08901266968357,0.5664687782805461,7.93665158371045,7.330256108597325,55.700826244344185
2,2,3.8,56.426248868778586,0.5731719457013605,8.839909502262493,7.872176470588277,57.64282805429895
2,2,3.9,54.64278280543015,0.5809366515837135,9.783773755656162,8.43442986425344,59.37946153846186
2,2,4.0,52.96764444085327,0.5881043309631543,10.675821590174532,8.966731835811249,61.08712252747251
2,2,4.1,51.22906506140918,0.595885940530058,11.586107950872655,9.507344893341953,62.64398406593405
2,2,4.2,49.427044667097604,0.6042814802844212,12.514632837750483,10.056269036845507,64.05004615384613
2,2,4.3,47.561583257918535,0.6132909502262441,13.461396250808015,10.613504266321913,65.30530879120876
2,2,4.4,45.63268083387198,0.6229143503555266,14.426398190045244,11.179050581771168,66.40977197802194
2,2,4.5,43.64033739495794,0.6331516806722686,15.409638655462182,11.752907983193275,67.36343571428566
2,2,4.6,41.58455294117641,0.6440029411764703,16.411117647058816,12.33507647058823,68.16629999999994
3,1,0.0,13.197619909502333,0.2799547511312232,0.02777828054298658,0.04557013574660659,19.569904977375668
3,1,0.1,13.565229864253466,0.2787393665158386,0.03379547511312236,0.04970135746606362,20.453155656108706
3,1,0.2,13.47039457013582,0.2715122171945716,0.03873936651583731,0.054678733031674503,20.867241628959388
3,1,0.3,13.218447058823601,0.25943167420814617,0.041442533936651794,0.060660633484163215,20.740644343891514
3,1,0.4,13.348100452488763,0.24862895927601944,0.04164615384615406,0.06665248868778316,20.44279185520373
3,1,0.5,14.108426244343972,0.2397466063348429,0.041030769230769454,0.07224524886877867,19.994588235294223
3,1,0.6,15.760148416289683,0.23540904977375698,0.039980995475113336,0.07685067873303209,19.541531221719563
3,1,0.7,18.521010859728612,0.23845791855203752,0.03906515837104094,0.07963348416289635,19.262865158371145
3,1,0.8,22.297223529411887,0.24516742081448095,0.038142986425339566,0.08206515837104117,18.9147963800906
3,1,0.9,27.071730316742233,0.2549058823529426,0.037436199095022826,0.08431493212669727,18.49015475113132
3,1,1.0,32.36521176470606,0.26489773755656254,0.03611674208144817,0.07549411764705924,17.888449773755752
3,1,1.1,38.86303529411786,0.27680000000000154,0.0264859728506789,0.050564705882353275,17.04788235294127
3,1,1.2,46.64444705882378,0.292336651583712,0.01789502262443453,0.04141809954751165,16.259020814479726
3,1,1.3,55.00327330316772,0.30875113122172115,0.016443438914027296,0.05593665158371085,15.606484162896013
3,1,1.4,63.17547420814513,0.3249538461538479,0.02615746606334863,0.09924886877828126,15.19531131221728
3,1,1.5,70.40608235294155,0.340851583710409,0.050113122171946065,0.173819004524888,15.134407239819089
3,1,1.6,76.89133665158411,0.3569855203619929,0.09048054298642594,0.2814479638009067,15.411866968325874
3,1,1.7,82.46487420814523,0.3719348416289613,0.14915203619909595,0.4225393665158395,16.01272217194579
3,1,1.8,86.99240090497784,0.3850932126696853,0.22641266968325924,0.5950497737556595,16.921296832579277
3,1,1.9,90.40232669683307,0.3959628959276039,0.32143438914027334,0.7952533936651628,18.10328959276028
3,1,2.0,92.68549502262492,0.40408416289592974,0.43227601809954985,1.017403619909508,19.506112217194676
3,1,2.1,93.89552126696884,0.40930588235294335,0.5558832579185551,1.2538009049773824,21.05882171945713
3,1,2.2,94.24119547511363,0.4114470588235316,0.6613357466063385,1.4819339366515918,22.56984977375578
3,1,2.3,93.81694117647109,0.4103647058823552,0.7744705882352984,1.7164470588235385,24.112482352941313
3,1,2.4,92.80513846153897,0.40615384615384836,0.9004054298642585,1.9406542986425446,25.55224434389154
3,1,2.5,92.2495701357471,0.403162895927604,1.0429230769230826,2.1585945701357585,26.926561085973
3,1,2.6,91.9592000000005,0.40233212669683477,1.2185728506787399,2.391422624434402,28.45066606334857
3,1,2.7,91.50590316742131,0.4015574660633506,1.4307819004524966,2.6254968325792,30.016597285068038
3,1,2.8,90.87426334841678,0.4009819004524909,1.681876018099557,2.8583140271493366,31.613253393665328
3,1,2.9,90.05964886877877,0.4005393665158393,1.9718823529411875,3.0878950226244513,33.22871131221738
3,1,3.0,89.06855113122221,0.400225339366518,2.2985294117647186,3.312443438914045,34.85015837104091
3,1,3.1,87.91831402714979,0.4000262443438936,2.657247058823544,3.5303457013574855,36.464230769230966
3,1,3.2,86.63720452488734,0.39991945701357684,3.0411665158371206,3.7403737556561287,38.05674298642555
3,1,3.3,85.26441266968371,0.39987330316742303,3.4411203619909685,3.9414823529411978,39.61261990950248
3,1,3.4,83.8499131221724,0.3998470588235316,3.8456425339366724,4.132879638009072,41.11623529411787
3,1,3.5,82.45487420814526,0.39992941176470803,4.241038914027172,4.313888687782829,42.551141176470814
3,1,3.6,81.15111674208188,0.4000000000000022,4.611116742081473,4.484424434389165,43.90000000000023
3,1,3.7,79.84000000000043,0.4000000000000022,4.990000000000027,4.670000000000025,45.34500000000024
3,1,3.8,78.52888325791899,0.4000000000000022,5.368883257918581,4.855575565610886,46.79000000000025
3,1,3.9,77.37611402714973,0.399858823529414,5.717078733031705,5.036770135746634,48.1685058823532
3,1,4.0,76.15729864253434,0.39976470588235513,6.086945701357499,5.2303556561086255,49.638000000000275
3,1,4.1,74.83766244343931,0.39968778280543205,6.477721266968361,5.428472398190074,51.1602398190048
3,1,4.2,73.3912036199099,0.39971855203620127,6.888335746606373,5.624312217194601,52.70167330316771
3,1,4.3,71.80035475113161,0.4000000000000022,7.3171420814480035,5.81245972850682,54.23337104072427
3,1,4.4,70.15975927601848,0.40017466063348633,7.7185040723982326,5.992942081447996,55.60786153846183
3,1,4.5,68.2236805429868,0.4005936651583732,8.156772850678777,6.1629529411765045,56.97409321266999
3,1,4.6,66.0584171945705,0.4014950226244366,8.633723981900499,6.313320361990984,58.34810497737588
3,1,4.7,63.73166334841663,0.402942081447966,9.149126696832628,6.437094117647093,59.74304796380123
3,1,4.8,61.3127791855207,0.4049619909502285,9.700605429864305,6.529613574660669,61.16959457013607
3,1,4.9,58.8724524886881,0.4074751131221741,10.283710407239875,6.588437104072434,62.63552941176505
3,1,5.0,56.482698642534245,0.41056561085973076,10.891508597285126,6.6136126696832935,64.14615837104108
3,1,5.1,54.425861215255296,0.4137888817065287,11.489259922430506,6.625026276664511,65.7350891725921
3,1,5.2,52.45556321913378,0.4174158371040723,12.104071040723976,6.610845669036844,67.37275300581769
3,1,5.3,50.57180465416933,0.4214464770523593,12.735941952165476,6.571070846800257,69.05914987071748
3,1,5.4,48.77458552036195,0.42588080155138963,13.384872656755002,6.505701809954749,70.79427976729148
3,1,5.5,47.063905817711664,0.43071881060116335,14.050863154492557,6.4147385585003205,72.5781426955397
3,1,5.6,45.43976554621845,0.4359605042016804,14.733913445378139,6.2981810924369706,74.41073865546211
3,1,5.7,43.90216470588231,0.4416058823529409,15.43402352941175,6.156029411764701,76.29206764705873
3,2,0.0,16.19887511312226,0.30735294117647216,0.09659728506787382,0.2358914027149334,18.896226244343993
3,2,0.1,17.300767420814573,0.3039230769230786,0.11412579185520423,0.33068868778280713,19.3391556561087
3,2,0.2,17.70834751131231,0.29701719457013737,0.12611945701357533,0.3968162895927623,19.329584615384718
3,2,0.3,17.756975565610958,0.28879185520362144,0.13387692307692378,0.43691945701357693,18.925956561086075
3,2,0.4,17.994172850678833,0.2839493212669698,0.13724886877828127,0.454098642533939,18.488533936651685
3,2,0.5,18.63604615384626,0.28100814479638164,0.13594570135746678,0.4500262443438937,18.01701357466073
3,2,0.6,19.937485067873418,0.281303167420816,0.1298316742081455,0.4262407239819027,17.651056108597384
3,2,0.7,22.108600000000123,0.2863710407239835,0.11857194570135811,0.38400271493212873,17.545697737556658
3,2,0.8,25.195223529411905,0.29401176470588397,0.10634027149321326,0.33766425339366696,17.544165610859825
3,2,0.9,29.251839819004687,0.3038977375565628,0.09515746606334896,0.29500090497737724,17.650477828054395
3,2,1.0,34.327466968325986,0.3160352941176488,0.08412941176470637,0.26305610859728656,17.787466968325887
3,2,1.1,40.90780723981923,0.3294561085972868,0.07129411764705926,0.24883529411764854,17.863377375565708
3,2,1.2,48.33091493212696,0.3416868778280561,0.06896561085972894,0.26661900452488846,18.114512217194672
3,2,1.3,56.04810407239849,0.351712217194572,0.08354298642533989,0.32787058823529597,18.604787330316846
3,2,1.4,63.168400904977716,0.35963619909502453,0.11206425339366585,0.4102144796380114,19.324999095022733
3,2,1.5,68.84042986425376,0.36592850678733224,0.1512217194570145,0.49175656108597554,20.300556561086083
3,2,1.6,73.219184615385,0.3719828054298662,0.1997882352941188,0.5622579185520392,21.566043438914143
3,2,1.7,76.39157556561126,0.3772289592760201,0.26249230769230913,0.6393846153846188,23.155088687782936
3,2,1.8,78.33286787330358,0.38183891402715137,0.3389330316742101,0.7229782805429903,25.057898642534074
3,2,1.9,79.09184615384657,0.38609140271493425,0.42808597285068106,0.8125619909502306,27.245692307692458
3,2,2.0,78.79115294117689,0.39010135746606545,0.5279647058823559,0.9070696832579235,29.671039819004683
3,2,2.1,77.62722081448005,0.3941583710407261,0.6356886877828088,1.005184615384621,32.26779457013592
3,2,2.2,75.87339004524928,0.3984470588235316,0.7295420814479677,1.0980009049773813,34.79672850678752
3,2,2.3,73.77768235294158,0.40394117647059047,0.8275058823529456,1.1962705882353006,37.45654117647079
3,2,2.4,71.83263800905016,0.4106561085972873,0.93114389140272,1.2968099547511382,40.0883303167423
3,2,2.5,70.50108506787369,0.41743348416289816,1.0451321266968383,1.3988995475113197,42.66429954751155
3,2,2.6,69.22116380090534,0.423319457013577,1.18219728506788,1.5061701357466146,45.362272398190285
3,2,2.7,68.08025339366553,0.4287728506787354,1.3422018099547584,1.616374660633493,48.07833936651609
3,2,2.8,67.10763710407277,0.43372126696832813,1.5262995475113206,1.7287619909502356,50.7863990950229
3,2,2.9,66.32110497737592,0.43806063348416524,1.7341122171945798,1.8424588235294217,53.46277918552065
3,2,3.0,65.72661538461574,0.44172307692307927,1.9641357466063456,1.9565375565610963,56.086438914027454
3,2,3.1,65.31897194570172,0.4447447963800929,2.2132633484163016,2.070084162895939,58.63896923076955
3,2,3.2,65.08148506787366,0.4472687782805454,2.4770561085972984,2.182200904977387,61.104390045249204
3,2,3.3,64.98563348416324,0.4492742081447988,2.7498814479638156,2.291735746606347,63.469352941176815
3,2,3.4,64.99174117647094,0.4507764705882377,3.0243040723982064,2.3974823529411893,65.72314117647095
3,2,3.5,65.04863891402749,0.4520977375565635,3.291695022624452,2.4984506787330454,67.85746696832616
3,2,3.6,65.09332579185556,0.45332579185520605,3.54216108597287,2.5933257918552175,69.86667420814518
3,2,3.7,65.04500000000034,0.4550000000000025,3.800000000000021,2.6950000000000145,72.0500000000004
3,2,3.8,64.99667420814515,0.45667420814479887,4.057838914027171,2.7966742081448115,74.23332579185559
3,2,3.9,65.13234932126731,0.45832579185520606,4.301104977375589,2.8951493212669837,76.35505067873345
3,2,4.0,65.29525882352978,0.46014117647059083,4.560166515837129,3.0003176470588397,78.62050588235336
3,2,4.1,65.35850226244379,0.461909502262446,4.830077828054325,3.10832579185522,80.94495475113168
3,2,4.2,65.21839909502297,0.4636380090497763,5.106372850678761,3.21603619909504,83.25517737556606
3,2,4.3,64.79428597285103,0.46528144796380344,5.384926696832609,3.3207565610859904,85.48980904977422
3,2,4.4,64.07770769230802,0.4666742081447989,5.635964705882383,3.421301357466082,87.47706696832627
3,2,4.5,62.809664253394,0.4678687782805455,5.892862443438947,3.5182361990950417,89.34309683257968
3,2,4.6,61.097700452489015,0.46886515837104326,6.15957013574664,3.607093212669703,91.09727420814528
3,2,4.7,59.055207239819325,0.46954298642534187,6.439067873303202,3.684195475113142,92.75307873303217
3,2,4.8,56.801621719457316,0.4700000000000025,6.732956561086009,3.7471339366516037,94.3280262443444
3,2,4.9,54.462227149321556,0.47028144796380345,7.042134841628997,3.794426244343912,95.8436009049779
3,2,5.0,52.167814479638295,0.4703122171945726,7.366390045248909,3.8257194570135953,97.32546153846206
3,2,5.1,50.50381370394312,0.47048477698771785,7.702879864253392,3.8492987718164176,98.9553225274725
3,2,5.2,48.97483280542987,0.47055245636716186,8.052813606981251,3.860586716224949,100.59188406593402
3,2,5.3,47.58087178409825,0.470515255332902,8.416191273432446,3.8595832902391694,102.2351461538461
3,2,5.4,46.32193063994828,0.4703731738849381,8.793012863606975,3.846288493859078,103.88510879120872
3,2,5.5,45.19800937297994,0.4701262120232703,9.183278377504841,3.8207023270846747,105.54177197802188
3,2,5.6,44.20910798319325,0.46977436974789855,9.586987815126044,3.78282478991596,107.2051357142856
3,2,5.7,43.35522647058819,0.46931764705882284,10.00414117647058,3.732655882352933,108.87519999999985
4,1,0.0,7.442660633484206,0.28575565610859877,0.09606787330316795,0.18516289592760277,16.39097285067882
4,1,0.1,9.265737556561138,0.282751131221721,0.09693665158371094,0.19084615384615486,16.222375565610946
4,1,0.2,11.98186877828061,0.280923981900454,0.09520723981900506,0.18505791855203718,16.01432217194579
4,1,0.3,15.582055203619994,0.2832307692307708,0.09486877828054353,0.16988144796380183,16.05205429864262
4,1,0.4,19.525863348416394,0.29140814479638166,0.10057918552036257,0.15500452488687871,16.46828144796389
4,1,0.5,23.279869683258042,0.3004696832579202,0.10107692307692369,0.14291493212669765,16.885854298642627
4,1,0.6,26.455592760181137,0.31077375565611026,0.11435746606334914,0.1495475113122181,17.56353846153856
4,1,0.7,29.364591855203777,0.32167330316742254,0.14437104072398277,0.17121266968325893,18.58764796380101
4,1,0.8,31.866534841629125,0.33224796380090676,0.19471493212669805,0.20822714932126818,19.94154660633495
4,1,0.9,34.19539909502281,0.3424289592760199,0.26819095022624595,0.2590714932126712,21.640152941176588
4,1,1.0,36.05082805429883,0.35250678733031865,0.3666515837104093,0.3235837104072416,23.653968325791983
4,1,1.1,37.54771945701377,0.364131221719459,0.48806787330317014,0.3943529411764728,25.859723981900594
4,1,1.2,38.579869683258124,0.375537556561088,0.620952941176474,0.47556380090497996,28.142148416289746
4,1,1.3,38.73360180995496,0.3839411764705903,0.7868561085972894,0.5767438914027181,30.809167420814646
4,1,1.4,38.45191945701378,0.39016832579185734,0.9798705882352994,0.6864099547511349,33.74018099547529
4,1,1.5,37.67942081447983,0.39351131221719665,1.1904705882353004,0.7943076923076966,36.73053393665178
4,1,1.6,36.57448416289612,0.39409049773755866,1.4083936651583788,0.8898144796380137,39.590045248869
4,1,1.7,35.127275113122366,0.39243438914027357,1.6290696832579274,0.9722579185520412,42.37283257918575
4,1,1.8,33.457478733031856,0.38895022624434605,1.8436208144796482,1.0371837104072452,45.007312217194816
4,1,1.9,31.70939366515854,0.3841357466063369,2.042390950226255,1.0810262443438972,47.426787330317
4,1,2.0,30.00118461538478,0.3795484162895948,2.2405610859728626,1.1118407239819064,49.881955656108865
4,1,2.1,28.323905882353095,0.37558823529411967,2.428421719457027,1.1104488687782865,52.19058733031702
4,1,2.2,26.629221719457156,0.3723303167420835,2.617972850678747,1.0861357466063406,54.439122171946
4,1,2.3,25.00677285067887,0.37014479638009246,2.8010289592760333,1.054597285067879,56.514098642534236
4,1,2.4,23.554574660633612,0.36832307692307886,2.9736452488687943,1.039323981900458,58.304238914027465
4,1,2.5,22.4423710407241,0.36790226244344093,3.127788235294134,1.0378533936651642,59.72861809954783
4,1,2.6,21.481289592760294,0.3660009049773776,3.2604126696832756,1.0596959276018159,60.87900904977408
4,1,2.7,20.4710633484164,0.36162805429864453,3.3901294117647236,1.105956561085979,62.02981447963835
4,1,2.8,19.65644796380101,0.356408144796382,3.4989638009049964,1.1600470588235356,62.92130316742116
4,1,2.9,19.06298642533947,0.350580995475115,3.5849583710407433,1.2163565610859792,63.54635113122206
4,1,3.0,18.70242081447974,0.3444135746606353,3.6477583710407435,1.2693104072398258,63.91363257918586
4,1,3.1,18.57269230769241,0.33827058823529593,3.68827330316744,1.3132995475113194,64.04775837104107
4,1,3.2,18.65794117647069,0.3323438914027167,3.7087447963801106,1.3429511312217266,63.989276018099886
4,1,3.3,18.92850678733042,0.32699095022624614,3.713017194570156,1.352790045248876,63.79466968325826
4,1,3.4,19.34092760181006,0.32259638009049946,3.7061990950226447,1.3373773755656178,63.536360180995814
4,1,3.5,19.837941176470697,0.3195719457013592,3.694731221719477,1.291310407239826,63.30270497737592
4,1,3.6,20.26997647058835,0.3170425339366533,3.6926108597285263,1.2358751131221788,63.18927511312251
4,1,3.7,20.670000000000112,0.3145755656108614,3.69099185520364,1.1854244343891467,63.08285520362024
4,1,3.8,21.030000000000115,0.31139819004525054,3.6922877828054492,1.1486018099547572,62.97196561086007
4,1,3.9,21.390000000000114,0.3082434389140288,3.693685972850699,1.1117565610859788,62.860973755656445
4,1,4.0,21.750000000000117,0.3050000000000016,3.69500000000002,1.075000000000006,62.75000000000034
4,1,4.1,22.11000000000012,0.3017565610859745,3.6963140271493415,1.0382434389140327,62.63902624434424
4,1,4.2,22.47000000000012,0.2986018099547527,3.6977122171945895,1.0013981900452542,62.528034389140615
4,1,4.3,22.830000000000126,0.2954244343891419,3.6990081447964,0.9645755656108648,62.41714479638043
4,1,4.4,23.190000000000126,0.29225158371040877,3.70042443438916,0.9277484162895977,62.30627782805463
4,1,4.5,23.550000000000004,0.2890666774402069,3.7017981254040078,0.8909333225597926,62.1953808015514
4,1,4.6,23.910000000000004,0.2858833872010343,3.703176341305753,0.8541166127989651,62.08449686489981
4,1,4.7,24.27,0.2827017129928895,3.704559082094376,0.8172982870071097,61.97362601809955
4,1,4.8,24.63,0.2795216548157724,3.7059463477698764,0.7804783451842265,61.862768261150606
4,1,4.9,24.989999999999995,0.27634321266968315,3.7073381383322546,0.7436567873303155,61.75192359405299
4,1,5.0,25.34999999999999,0.27316638655462167,3.7087344537815103,0.7068336134453767,61.641092016806695
4,1,5.1,25.709999999999987,0.26999117647058796,3.7101352941176438,0.6700088235294099,61.53027352941172
4,2,0.0,11.413597285067937,0.29530769230769394,0.08552941176470633,0.1429909502262451,16.38649321266977
4,2,0.1,13.38092760181003,0.2935294117647075,0.08694570135746653,0.13460180995475185,15.880502262443525
4,2,0.2,15.832344796380177,0.2913312217194586,0.07943891402714975,0.112674208144797,15.204426244343974
4,2,0.3,18.931761085972955,0.29285158371040887,0.06950226244343931,0.08591855203619961,14.609982805429944
4,2,0.4,22.452225339366635,0.2992497737556577,0.06373846153846191,0.06824072398190091,14.39478733031682
4,2,0.5,26.14618552036213,0.3049140271493229,0.036783710407240114,0.05594660633484205,14.344484162896006
4,2,0.6,29.864361990950393,0.3106470588235311,0.02408144796380121,0.07851583710407296,14.788393665158452
4,2,0.7,33.47812307692326,0.3179900452488705,0.042438009049774204,0.1315565610859737,15.640864253393751
4,2,0.8,36.607122171945896,0.32672398190045426,0.10523167420814566,0.21470678733031806,16.863457013574752
4,2,0.9,39.36542533936672,0.3373357466063367,0.22158280542986575,0.32528416289592954,18.3705556561087
4,2,1.0,41.515425339366736,0.34933484162896117,0.3970180995475137,0.4646334841628986,20.163212669683368
4,2,1.1,42.92766515837127,0.3640271493212689,0.6386877828054336,0.6291674208144832,22.248787330316862
4,2,1.2,43.63773212669706,0.37939728506787535,0.8921040723981952,0.809269683257923,24.362592760181126
4,2,1.3,43.50199728506811,0.3939040723981922,1.211256108597292,1.0151918552036254,26.49987601809969
4,2,1.4,42.83506153846176,0.40715746606335057,1.5973945701357557,1.2328226244343958,28.62195656108613
4,2,1.5,41.444063348416506,0.41775565610859955,2.045963800904989,1.4471583710407316,30.659927601810118
4,2,1.6,39.391434389140485,0.42488235294117876,2.546131221719471,1.6425384615384702,32.5230769230771
4,2,1.7,37.10312941176491,0.4304497737556584,3.095466968325809,1.8221710407239917,34.289864253393844
4,2,1.8,34.87141719457033,0.4348307692307716,3.678943891402735,1.9801330316742185,35.94965339366535
4,2,1.9,33.030492307692484,0.43854117647059065,4.276349321266991,2.111252488687794,37.49404162895948
4,2,2.0,31.658158371040898,0.4436923076923101,4.919469683257946,2.2357547511312337,39.16546606334863
4,2,2.1,30.464570135746776,0.4497927601809979,5.5595846153846455,2.3322316742081575,40.71311312217216
4,2,2.2,29.38475113122188,0.45728959276018344,6.265669683257952,2.415126696832592,42.36103619909525
4,2,2.3,28.47720361990966,0.4658787330316767,6.995126696832617,2.497867873303181,44.00943348416313
4,2,2.4,27.732372850678885,0.47458914027149574,7.771566515837145,2.590603619909516,45.851637104072644
4,2,2.5,27.09930226244359,0.4833276018099574,8.550092307692355,2.6849040723982043,47.84864524886903
4,2,2.6,26.57383981900467,0.4894787330316768,9.276754751131271,2.7750841628959426,49.81947601809982
4,2,2.7,25.997170135746746,0.4930126696832605,9.997819909502317,2.867419004524902,51.88325972850707
4,2,2.8,25.484847058823664,0.49472850678733293,10.672349321267026,2.9415529411764862,53.94863619909532
4,2,2.9,25.029167420814616,0.49461900452488955,11.286788235294178,2.99163800904979,55.979766515837404
4,2,3.0,24.619114932126834,0.4929149321266995,11.831657013574725,3.0132190045249034,57.94375927601841
4,2,3.1,24.240769230769367,0.4899466063348442,12.301412669683323,3.0036425339366675,59.81080904977408
4,2,3.2,23.876896832579313,0.4862144796380117,12.694519457013644,2.961647963800921,61.55412579185554
4,2,3.3,23.507360180995605,0.4821185520362017,13.013178280543055,2.8877764705882507,63.1502054298646
4,2,3.4,23.108779185520486,0.47829683257918804,13.263665158371113,2.7840325791855354,64.57849140271529
4,2,3.5,22.65459909502275,0.4755574660633509,13.456263348416362,2.6539520361991094,65.82144253393702
4,2,3.6,22.14166877828066,0.47363891402715186,13.674638914027224,2.5240570135746743,67.10157285067909
4,2,3.7,21.663708597285186,0.471840723981903,13.881840723981975,2.403708597285081,68.30815927601846
4,2,3.8,21.199146606334956,0.4695755656108623,14.124575565610938,2.2941466063348543,69.63542443438952
4,2,3.9,20.73457556561097,0.4673058823529437,14.367305882353019,2.1845755656108716,70.96269411764744
4,2,4.0,20.27000000000011,0.46500000000000247,14.610000000000078,2.0750000000000117,72.29000000000039
4,2,4.1,19.805424434389252,0.46269411764706136,14.85269411764714,1.965424434389151,73.61730588235334
4,2,4.2,19.340853393665263,0.46042443438914277,15.095424434389223,1.8558533936651684,74.94457556561127
4,2,4.3,18.876291402715033,0.458159276018102,15.338159276018182,1.7462914027149417,76.27184072398231
4,2,4.4,18.411742986425438,0.4558669683257943,15.580866968325878,1.636742986425348,77.59913303167463
4,2,4.5,17.947206755009695,0.4535919521654817,15.82359195216548,1.5272067550096955,78.9264080478345
4,2,4.6,17.48268377504848,0.4513240465416937,16.06632404654169,1.41768377504848,80.25367595345828
4,2,4.7,17.018174046541688,0.44906325145442794,16.309063251454425,1.3081740465416924,81.58093674854554
4,2,4.8,16.553677569489324,0.4468095669036845,16.551809566903678,1.1986775694893328,82.90819043309627
4,2,4.9,16.089194343891386,0.4445629928894633,16.794562992889453,1.089194343891401,84.23543700711048
4,2,5.0,15.624724369747879,0.44232352941176445,17.03732352941175,0.9797243697478966,85.56267647058816
4,2,5.1,15.160267647058797,0.4400911764705878,17.28009117647057,0.8702676470588204,86.88990882352931
5,1,0.0,6.726021719457051,0.3256380090497755,0.016166515837104163,0.11045067873303238,5.163813574660661
5,1,0.1,8.428264253393712,0.31782171945701526,0.017741176470588337,0.09373936651583782,5.6453520361991245
5,1,0.2,10.243793665158426,0.3077665158371057,0.020265158371040846,0.11086696832579276,5.902319457013605
5,1,0.3,12.068783710407306,0.2986669683257934,0.024466968325792003,0.1886190045248883,5.865715837104104
5,1,0.4,13.886197285067947,0.294142986425341,0.031246153846154034,0.34514570135746836,5.711707692307723
5,1,0.5,15.620494117647144,0.291178280542988,0.04114117647058848,0.5920081447963839,5.51309592760184
5,1,0.6,17.411281447963894,0.28948959276018255,0.05488868778280574,0.9409067873303225,5.369067873303196
5,1,0.7,19.192523981900553,0.2892651583710423,0.07234027149321307,1.395390045248877,5.153990950226271
5,1,0.8,20.950296832579298,0.2904027149321282,0.09334208144796433,1.9519104072398301,4.869539366515863
5,1,0.9,22.67147963800917,0.2929185520362007,0.11745248868778345,2.600674208144811,4.521588235294141
5,1,1.0,24.34409502262457,0.29653846153846314,0.14421266968325872,3.325371040724,4.120484162895949
5,1,1.1,25.99048778280557,0.301459728506789,0.16744343891402805,4.129912217194593,3.6337656108597485
5,1,1.2,27.572924886877974,0.3070126696832596,0.19065429864253497,4.963492307692334,3.1193013574660804
5,1,1.3,29.05894932126713,0.3124914027149338,0.2162497737556573,5.772373755656139,2.6332841628959422
5,1,1.4,30.4213800904979,0.31715384615384784,0.24586787330316878,6.499886877828089,2.2299601809954877
5,1,1.5,31.84489683257936,0.320914027149323,0.28398009049773915,7.189445248868816,1.9033981900452597
5,1,1.6,33.20568597285086,0.3238253393665176,0.33228506787330503,7.829238009049815,1.6653049773755755
5,1,1.7,34.49721990950245,0.3260425339366534,0.39160542986425556,8.414285972850724,1.5246280542986512
5,1,1.8,35.71744253393685,0.3274271493212687,0.46228506787330576,8.942923981900499,1.4843674208144881
5,1,1.9,36.868498642534135,0.32809502262443613,0.5439800904977405,9.416733031674259,1.5415755656108687
5,1,2.0,37.956804524887076,0.3280072398190063,0.635867873303171,9.840878733031726,1.6872253393665255
5,1,2.1,39.00321266968347,0.327520361990952,0.728414479638013,10.2308316742082,1.8869393665158476
5,1,2.2,40.0862117647061,0.3264361990950244,0.8328542986425383,10.618694117647117,2.1528045248868897
5,1,2.3,41.157726696832796,0.3250877828054316,0.9454271493212719,10.99291402714938,2.4571013574660765
5,1,2.4,42.18468778280565,0.32372398190045426,1.061778280542992,11.349447963800966,2.765950226244359
5,1,2.5,43.14876018099571,0.3227185520362008,1.176619909502269,11.692099547511374,3.03897285067875
5,1,2.6,43.981060633484404,0.32153665158371214,1.2945248868778352,11.980464253393729,3.3216398190045426
5,1,2.7,44.65655746606359,0.32020542986425515,1.414517647058831,12.204800000000064,3.61220000000002
5,1,2.8,45.16075294117672,0.31882262443439086,1.5357773755656192,12.359627149321334,3.908483257918573
5,1,2.9,45.4896832579188,0.31735656108597454,1.6573674208144884,12.443728506787398,4.208238914027172
5,1,3.0,45.649918552036446,0.31571402714932295,1.7783058823529507,12.460149321267036,4.508865158371065
5,1,3.1,45.65856289592785,0.3140787330316759,1.8974271493212773,12.41619728506794,4.8074796380090765
5,1,3.2,45.54325429864278,0.31250497737556726,2.013720361990961,12.323442533936717,5.100919457013602
5,1,3.3,45.342164705882595,0.31098823529411934,2.1260588235294233,12.19771764705889,5.385741176470618
5,1,3.4,45.10400000000024,0.30946244343891566,2.233270588235306,12.05911764705889,5.658082352941207
5,1,3.5,44.88800000000025,0.30800000000000166,2.334000000000012,11.932000000000066,5.914000000000032
5,1,3.6,44.74400000000024,0.3064669683257935,2.442000000000013,11.831000000000063,6.187000000000033
5,1,3.7,44.600000000000236,0.3050000000000016,2.5500000000000136,11.730000000000063,6.460000000000035
5,1,3.8,44.456000000000245,0.30353303167420975,2.6580000000000146,11.629000000000064,6.733000000000037
5,1,3.9,44.31200000000024,0.30200000000000166,2.766000000000015,11.528000000000063,7.0060000000000375
5,1,4.0,44.168000000000234,0.30046696832579345,2.8740000000000157,11.427000000000062,7.279000000000039
5,1,4.1,44.02399999999997,0.29897052359405285,2.9819999999999993,11.325999999999997,7.551999999999999
5,1,4.2,43.87999999999997,0.2974811893988363,3.089999999999999,11.224999999999996,7.8249999999999975
5,1,4.3,43.73599999999997,0.295998965740142,3.1979999999999986,11.123999999999995,8.097999999999997
5,1,4.4,43.591999999999956,0.29452385261797,3.3059999999999983,11.022999999999994,8.370999999999995
5,1,4.5,43.44799999999995,0.2930558500323203,3.4139999999999975,10.921999999999993,8.643999999999995
5,1,4.6,43.30399999999994,0.2915949579831929,3.5219999999999967,10.82099999999999,8.916999999999991
5,1,4.7,43.15999999999993,0.2901411764705878,3.6299999999999963,10.719999999999988,9.18999999999999
6,1,0.0,8.843519457013622,0.2974977375565626,0.03128235294117664,0.17326968325791955,5.638690497737587
6,1,0.1,10.271047058823584,0.28711764705882514,0.0322470588235296,0.16961176470588343,5.677458823529442
6,1,0.2,11.7294208144797,0.2750099547511327,0.03389592760181015,0.188417194570137,5.670882352941206
6,1,0.3,13.139119457013646,0.26456108597285216,0.03701176470588256,0.2490778280543003,5.644445248868808
6,1,0.4,14.598676018099628,0.2588135746606349,0.04249140271493237,0.37069864253393897,5.64052036199098
6,1,0.5,16.066745701357554,0.2545339366515851,0.050530316742081735,0.5658054298642569,5.588969230769261
6,1,0.6,17.529020814479733,0.251850678733033,0.06150226244343926,0.8414886877828105,5.4844479638009345
6,1,0.7,18.972539366515942,0.2508542986425353,0.07534117647058866,1.1998298642534007,5.324854298642562
6,1,0.8,20.386023529411876,0.2516651583710421,0.09180904977375617,1.6380371040724075,5.111530316742109
6,1,0.9,21.75960904977387,0.2540950226244358,0.1108343891402721,2.148377375565623,4.848921266968351
6,1,1.0,23.084845248868902,0.2579176470588249,0.1319031674208152,2.7181085972850827,4.54498461538464
6,1,1.1,24.354965610859857,0.2629366515837118,0.15440000000000084,3.3296859728506965,4.210780995475136
6,1,1.2,25.564410859728643,0.2686470588235309,0.17739909502262538,3.9603529411764917,3.8608832579185726
6,1,1.3,26.630105882353085,0.2745764705882368,0.192164705882354,4.553952941176496,3.4930588235294304
6,1,1.4,27.698318552036348,0.2805058823529427,0.2056950226244355,5.143282352941204,3.122410859728524
6,1,1.5,28.917253393665312,0.28596199095022784,0.22385429864253517,5.757598190045279,2.761941176470603
6,1,1.6,30.17994389140288,0.2911493212669699,0.25014208144796524,6.3818271493213015,2.43600271493214
6,1,1.7,31.47418190045266,0.29583257918552197,0.2871665158371057,7.004980090497776,2.166779185520374
6,1,1.8,32.78835022624452,0.29983076923077084,0.33691221719457204,7.617740271493254,1.9707701357466174
6,1,1.9,34.11108416289611,0.30301719457013737,0.40033122171945923,8.21239276018104,1.8592000000000106
6,1,2.0,35.43154208144816,0.30531945701357627,0.4777520361990977,8.78296289592765,1.837609049773766
6,1,2.1,36.73933484162916,0.3067194570135763,0.5684705882352972,9.32487782805435,1.906262443438925
6,1,2.2,37.990149321267175,0.30718280542986587,0.6589502262443476,9.835095927601863,2.023809049773767
6,1,2.3,39.28234841628981,0.3068588235294134,0.7650660633484204,10.34137466063354,2.2294606334841753
6,1,2.4,40.56506968325814,0.3058714932126713,0.8854895927601859,10.819984615384675,2.515776470588249
6,1,2.5,41.79398823529435,0.30459004524887046,1.0177438914027206,11.252672398190107,2.867577375565627
6,1,2.6,42.93063981900475,0.3032199095022641,1.1577239819004588,11.626522171945762,3.2622841628959454
6,1,2.7,43.94282986425364,0.30221176470588396,1.3003764705882424,11.933823529411828,3.6697791855203823
6,1,2.8,44.9598461538464,0.3017140271493229,1.4545981900452567,12.228425339366582,4.091800000000022
6,1,2.9,45.88605248868804,0.3014895927601826,1.6181375565610947,12.46367692307699,4.549453393665182
6,1,3.0,46.7141502262446,0.3014361990950243,1.7897004524886975,12.63761628959283,5.039133031674235
6,1,3.1,47.442587330317,0.3015719457013591,1.9674678733031783,12.752085067873372,5.555178280543016
6,1,3.2,48.075558371040984,0.30196742081448125,2.149095927601822,12.812660633484233,6.0898742081448285
6,1,3.3,48.62293393665185,0.30247511312217357,2.3317158371040847,12.82838552036206,6.633451583710443
6,1,3.4,49.10053122171971,0.30313846153846313,2.511933936651597,12.81210588235301,7.174086877828092
6,1,3.5,49.52977556561113,0.3037828054298659,2.685761085972865,12.78040361990957,7.697831674208186
6,1,3.6,49.937838914027424,0.3044244343891419,2.8488832579185677,12.753325791855273,8.188883257918596
6,1,3.7,50.42500000000027,0.3050000000000016,3.0200000000000164,12.755000000000068,8.700000000000047
6,1,3.8,50.912161085973125,0.30557556561086135,3.191116742081465,12.756674208144865,9.211116742081497
6,1,3.9,51.399424434389424,0.30614660633484325,3.3622153846154026,12.758325791855274,9.722215384615437
6,1,4.0,51.88665526826112,0.3066958952811893,3.533332417582416,12.75998691014867,10.23333241758242
6,1,4.1,52.37389062702001,0.3072366192630897,3.704454945054943,12.761648836457654,10.744454945054946
6,1,4.2,52.861130510665774,0.30776877828054283,3.8755829670329645,12.763311570782152,11.255582967032968
6,1,4.3,53.34837491919841,0.3082923723335486,4.04671648351648,12.764975113122164,11.766716483516483
6,1,4.4,53.83562385261793,0.30880740142210705,4.217855494505491,12.766639463477688,12.277855494505491
6,1,4.5,54.32287731092432,0.30931386554621815,4.388999999999996,12.768304621848726,12.788999999999996
6,1,4.6,54.810135294117586,0.30981176470588195,4.560149999999995,12.769970588235278,13.300149999999995
7,1,0.0,22.57181538461551,0.40742443438914244,0.0,6.557893212669718,6.470804524886912
7,1,0.1,27.48128959276033,0.3992316742081469,0.0,7.226575565610899,6.128649773755688
7,1,0.2,32.90598914027167,0.389466968325794,0.0,7.973350226244387,5.660374660633515
7,1,0.3,38.42753484162917,0.38213755656108805,0.0,8.763961990950273,5.147513122171974
7,1,0.4,43.63091040724005,0.3814895927601831,0.0,9.564625339366566,4.678606334841655
7,1,0.5,48.20650226244369,0.3879158371040745,0.043696832579185885,10.336824434389197,4.358556561085997
7,1,0.6,51.75642895927629,0.3950081447963822,0.11517285067873378,10.996713122172004,4.157266968325814
7,1,0.7,54.610137556561384,0.4009755656108619,0.2120226244343904,11.585860633484224,4.056542986425361
7,1,0.8,56.69345248868808,0.4080135746606357,0.3335972850678752,12.102554751131287,4.052235294117669
7,1,0.9,58.0300226244347,0.4161158371040747,0.4775891402714959,12.54619276018106,4.1392986425339595
7,1,1.0,58.68985067873335,0.42506515837104303,0.6400995475113157,12.920781900452559,4.306850678733055
7,1,1.1,58.791357466063666,0.43492217194570365,0.7888036199095064,13.23227149321274,4.470054298642558
7,1,1.2,58.48964705882385,0.44565158371040964,0.9513411764705935,13.514505882353014,4.679776470588261
7,1,1.3,57.99535022624465,0.45627873303167665,1.1284153846153908,13.769455203619984,4.941702262443466
7,1,1.4,57.56513484162927,0.4657266968325817,1.3173927601810025,14.005769230769307,5.249211764705911
7,1,1.5,57.49153665158403,0.47413031674208406,1.535496832579194,14.276651583710485,5.615780090497768
7,1,1.6,57.42097466063379,0.4811683257918578,1.7860760180995574,14.521431674208223,6.084817194570169
7,1,1.7,57.354677828054605,0.4866280542986452,2.070462443438925,14.734308597285148,6.6639855203620275
7,1,1.8,57.29328778280574,0.49040542986425606,2.388174660633497,14.9115511312218,7.35447963800909
7,1,1.9,57.237400000000314,0.4924371040724008,2.7367149321267115,15.051836199095105,8.150887782805475
7,1,2.0,57.18715475113153,0.4926977375565637,3.1115692307692475,15.155978280543067,9.041262443438963
7,1,2.1,57.14237556561117,0.49147058823529677,3.5063393665158564,15.227000000000082,10.006849773755711
7,1,2.2,57.10249864253425,0.48900904977375825,3.912881447963822,15.270132126696915,11.022428054298702
7,1,2.3,57.06684343891433,0.48574298642534197,4.320696832579209,15.292675113122256,12.056169230769296
7,1,2.4,57.03441266968356,0.48221085972850936,4.717541176470614,15.304337556561169,13.069709502262516
7,1,2.5,57.00369230769262,0.4789212669683284,5.0894244343891675,15.316895022624518,14.01787873303175
7,1,2.6,56.9679375565614,0.4762760180995501,5.4731710407240115,15.34896199095031,14.982654298642615
7,1,2.7,56.93206244343922,0.47372398190045506,5.856828959276051,15.381038009049856,15.947345701357552
7,1,2.8,56.896307692308,0.47107873303167674,6.240575565610894,15.41310497737565,16.912121266968416
7,1,2.9,56.89368144796411,0.4680714932126723,6.616694117647095,15.45912126696841,17.80156108597295
7,1,3.0,56.89402714932157,0.46479819004525136,7.018479638009088,15.509748416289675,18.74658371040734
7,1,3.1,56.876161990950536,0.46169773755656357,7.428955656108638,15.553298642534019,19.743430769230873
7,1,3.2,56.82262171945732,0.4591366515837129,7.83336380090502,15.580097737556642,20.78762081447975
7,1,3.3,56.7201375565614,0.4574090497737582,8.219504977375609,15.58248235294126,21.87367873303179
7,1,3.4,56.559159276018406,0.4566687782805454,8.57766877828059,15.555070588235377,22.995206334841754
7,1,3.5,56.3341963800908,0.4570651583710432,8.900771945701404,15.494423529411847,24.14481447963814
7,1,3.6,56.04347692307722,0.45867511312217446,9.184019909502311,15.399183710407321,25.31419095022638
7,1,3.7,55.68942443438944,0.46143529411764955,9.425177375565662,15.27000452488696,26.494168325791996
7,1,3.8,55.27818099547541,0.4652778280543011,9.624497737556613,15.109820814479718,27.674656108597432
7,1,3.9,54.81994841628989,0.47006244343891657,9.784861538461591,14.923510407239899,28.84450226244359
7,1,4.0,54.32864705882382,0.4755764705882378,9.911299547511366,14.718100452488766,29.99183167420831
7,1,4.1,53.82225429864282,0.4815348416289619,10.011740271493267,14.50269954751139,31.103775565611027
7,1,4.2,53.359394246929526,0.4866883322559791,10.138464899806074,14.310172786037487,32.20250901745314
7,1,4.3,52.89099266321911,0.49202023270846773,10.252281641887521,14.113528215901738,33.28045223012281
7,1,4.4,52.41704954751128,0.4975305429864251,10.35319049773755,13.912765837104065,34.3376052036199
7,1,4.5,51.937564899806034,0.503219263089851,10.441191467356166,13.707885649644464,35.37396793794439
7,1,4.6,51.45253872010337,0.5090863930187456,10.516284550743364,13.498887653522935,36.38954043309629
7,1,4.7,50.96197100840329,0.5151319327731088,10.578469747899145,13.285771848739481,37.384322689075596
7,1,4.8,50.46586176470579,0.5213558823529407,10.62774705882351,13.068538235294099,38.35831470588231
