composition,trial,time,biomass (g/L),ethanol (mM),acetate (mM),butanol (mM),butyrate (mM)
1.0,1.0,0.0,0.4295291101055829,15.87113695324292,16.893540271493304,0.0298633484162897,0.0701782805429868
1.0,1.0,0.1,0.43201362190537607,15.479541807879908,16.90617164263542,0.038597736791629714,0.05624029761734955
1.0,1.0,0.2,0.43458559659380874,15.08531552752956,16.943084148412503,0.049784059414864856,0.04203144486323485
1.0,1.0,0.30000000000000004,0.4372488339022549,14.68883373540136,17.014004406279614,0.06356226231187818,0.02750857091363858
1.0,1.0,0.4,0.44000795219443195,14.290436884232143,17.132495218093162,0.08008611719797507,0.012623868254300197
1.0,1.0,0.5,0.4428687110702635,13.890420153971117,17.317654854456805,0.09952918179376866,0.0
1.0,1.0,0.6,0.4458377040563135,13.489277863195046,17.59446440753434,0.1222543164663387,0.0
1.0,1.0,0.7,0.448920565195053,13.088433479772698,17.99062371474327,0.14928959876094205,0.0
1.0,1.0,0.7999999999999999,0.45212861000994137,12.688091323350381,18.557099561072903,0.18096343282143343,0.0
1.0,1.0,0.8999999999999999,0.4554773067664825,12.288313711775807,19.36520830092946,0.2176861039689378,0.0
1.0,1.0,0.9999999999999999,0.45898790378159604,11.888967755643447,20.508218669917934,0.2599822288136468,0.0
1.0,1.0,1.0999999999999999,0.46268915234833274,11.489684124527928,22.08869094352235,0.3085257342290995,0.0
1.0,1.0,1.2,0.4666179683521692,11.08989125408159,24.176397151270876,0.36415526241606677,0.0
1.0,1.0,1.3,0.4708167117155032,10.689033827442042,26.747597760886617,0.42782461121846715,0.0
1.0,1.0,1.4000000000000001,0.47532571414362834,10.287015192392891,29.659541931456854,0.5004583981368063,0.0
1.0,1.0,1.5000000000000002,0.4801739687758122,9.884697865456621,32.698574939198934,0.5827643685063537,0.00020153534967881637
1.0,1.0,1.6000000000000003,0.4853736738808471,9.484219190702355,35.6772046156936,0.675124907512934,0.014446992827251277
1.0,1.0,1.7000000000000004,0.4909182272831264,9.090400221666249,38.439686118168794,0.7783793044657503,0.04827525521549521
1.0,1.0,1.8000000000000005,0.4967868055965216,8.710357203984398,40.81928109280292,0.8933600285289582,0.10651228672572755
1.0,1.0,1.9000000000000006,0.5029434523068765,8.353770890772903,42.627452319640724,1.0208087746741399,0.19153825799841886
1.0,1.0,2.0000000000000004,0.509335841392183,8.032674466874226,43.72597596274946,1.1611981553511488,0.3009159291255407
1.0,1.0,2.1000000000000005,0.515900334744872,7.760878402626789,44.13308843428324,1.3145507114589856,0.42646111759396566
1.0,1.0,2.2000000000000006,0.5225754838304211,7.552600149064956,44.01868648005044,1.4803770075517435,0.5569244680145249
1.0,1.0,2.3000000000000007,0.5293144513984872,7.418204204995592,43.58240493584625,1.6577634258316363,0.6822214198844241
1.0,1.0,2.400000000000001,0.5360873245549578,7.3593265745239895,42.96996192812936,1.8455277135791799,0.7955855338566272
1.0,1.0,2.500000000000001,0.5428769806840575,7.370664968531471,42.26579268064284,2.0423710843322205,0.8934873437785458
1.0,1.0,2.600000000000001,0.5496742644711906,7.446736213434952,41.51408973498765,2.2469928339124263,0.9746393840547709
1.0,1.0,2.700000000000001,0.5564743498920465,7.584899433542445,40.73726495939706,2.458155125957704,1.0388453611699493
1.0,1.0,2.800000000000001,0.5632745133634343,7.78396591528064,39.94672420962404,2.6747029950763066,1.086069800036874
1.0,1.0,2.9000000000000012,0.5700731350877156,8.043007042548956,39.14838165840392,2.8955544940403604,1.1159396258631709
1.0,1.0,3.0000000000000013,0.5768693886164833,8.361500984242094,38.34536697700388,3.119677287578285,1.1276704573163308
1.0,1.0,3.1000000000000014,0.5836631420587874,8.738862269505688,37.53935546529787,3.3460652770813852,1.120259682094523
1.0,1.0,3.2000000000000015,0.5904549481053817,9.17286279341396,36.73123628179469,3.573724093582429,1.09276982175704
1.0,1.0,3.3000000000000016,0.5972461567620219,9.658656556308037,35.92145791178112,3.801668123692354,1.0445756425600268
1.0,1.0,3.4000000000000017,0.6040390725431319,10.189580130136584,35.110211510045325,4.028926204073697,0.9755065120552294
1.0,1.0,3.5000000000000018,0.6108369922000195,10.75901432945804,34.29752987503446,4.254550720615972,0.8858650869270605
1.0,1.0,3.600000000000002,0.6176440467587674,11.361983408754053,33.48334049217812,4.477625659429301,0.7763436934499081
1.0,1.0,3.700000000000002,0.6244649055498217,11.995802473467005,32.66749205540404,4.697271235235736,0.6478844111282203
1.0,1.0,3.800000000000002,0.6313044580094724,12.659666913715327,31.849764676064023,4.912644597937648,0.501532022755905
1.0,1.0,3.900000000000002,0.6381675842880256,13.353333023042504,31.0298697639902,5.122937498368665,0.3383148344096354
1.0,1.0,4.000000000000002,0.6450590981290061,14.075460438410783,30.207444048240415,5.327372631534022,0.15916835265975374
1.0,1.0,4.100000000000001,0.6519838816689832,14.822703837672606,29.38204168426474,5.525200325371038,0.0
1.0,1.0,4.200000000000001,0.6589351388261164,15.593701834667211,28.552733959527465,5.716991075944008,0.0
1.0,1.0,4.300000000000001,0.6658581643470155,16.397724964226985,27.716466704632033,5.9084522983863925,0.0
1.0,1.0,4.4,0.6727499958611598,17.22957554271518,26.87126819025604,6.0994423897132695,0.0
1.0,1.0,4.5,0.6796080565184702,18.08697561686582,26.014601305823497,6.289830616926456,0.0
1.0,1.0,4.6,0.6864298356861136,18.9695760163907,25.143264763194296,6.479493132360906,0.0
1.0,1.0,4.699999999999999,0.6932126614319032,19.87737325971425,24.253304476819316,6.668310074309577,0.0
1.0,1.0,4.799999999999999,0.6999536232658307,20.809455454034378,23.339977341426223,6.8561642810275485,0.0
1.0,1.0,4.899999999999999,0.7066496161409771,21.763866499795185,22.397830660538695,7.042941245885986,0.0
1.0,1.0,4.999999999999998,0.7132974038852129,22.73872628080468,21.42096707278282,7.22852925620006,0.0
1.0,1.0,5.099999999999998,0.7198935912207053,23.73387588384643,20.403540633893865,7.412818653548925,0.0
1.0,1.0,5.1999999999999975,0.7264344666961963,24.751900170693556,19.340462884506607,7.595699959409916,0.0
1.0,1.0,5.299999999999997,0.7329157874406048,25.797453052054216,18.228182956344675,7.777061707829829,0.0
1.0,1.0,5.399999999999997,0.7393326708871546,26.874586770462194,17.065266154204167,7.956789702680317,0.0
1.0,1.0,5.4999999999999964,0.7456797706256082,27.98412148388405,15.852411294280383,8.134769402222087,0.0
1.0,2.0,0.0,0.3895731523378603,16.55914660633493,15.069056108597366,0.1804717948717958,0.0609882352941179
1.0,2.0,0.1,0.3911376641833286,16.14626297281756,15.139986053941533,0.15184249834801944,0.0511480879527381
1.0,2.0,0.2,0.39278114594508445,15.721855612028508,15.25968534703923,0.12442110683302988,0.04153528338451767
1.0,2.0,0.30000000000000004,0.39451032169709016,15.286980539630557,15.445474733784124,0.09842685220866539,0.0321072245983669
1.0,2.0,0.4,0.3963334129611679,14.842616278789244,15.720554640185858,0.07411123625176026,0.022815601829385995
1.0,2.0,0.5,0.3982606648641586,14.389655119250708,16.116829280705186,0.051768743840244505,0.01361221341540596
1.0,2.0,0.6,0.4003051133250677,13.928898482165451,16.679432271051972,0.03175287349165897,0.004461586970450158
1.0,2.0,0.7,0.4024837329738631,13.461056401717618,17.47377024346318,0.014500772644686279,0.0
1.0,2.0,0.7999999999999999,0.40481788276971187,12.987016851812038,18.587850675373648,0.0008548132757592516,0.0
1.0,2.0,0.8999999999999999,0.4073364912685751,12.507476534345793,20.146238596139714,0.0,0.0
1.0,2.0,0.9999999999999999,0.41007988206458984,12.023152396126893,22.31234603594274,0.0,0.0
1.0,2.0,1.0999999999999999,0.4131026742029834,11.534162340089924,25.230801763202965,0.003667717367561259,0.0
1.0,2.0,1.2,0.41647126390140365,11.040918145795144,28.927640895609162,0.015708002043065765,0.0034712152892486694
1.0,2.0,1.3,0.4202525032922707,10.544188761583426,33.19461677733365,0.03798132159962617,0.02038498618849141
1.0,2.0,1.4000000000000001,0.4244924932627251,10.044912556941696,37.70625812182497,0.0726931744515342,0.060224580639944736
1.0,2.0,1.5000000000000002,0.42920740089750065,9.54396059926853,42.23607243744273,0.1221378926039651,0.1357738938425021
1.0,2.0,1.6000000000000003,0.4343909861910617,9.042365044445832,46.578957279385385,0.188957961872268,0.2656635420655714
1.0,2.0,1.7000000000000004,0.4400146978957439,8.54259114170494,50.408667816154626,0.2763994006895816,0.4750007300896366
1.0,2.0,1.8000000000000005,0.4460156697625214,8.051906947395125,53.13840181023532,0.3883080900077455,0.7815247544778063
1.0,2.0,1.9000000000000006,0.45227714363368454,7.587615478250097,54.17582113378368,0.5280686045640866,1.1715815619857326
1.0,2.0,2.0000000000000004,0.4586362282454571,7.184386820664191,53.975632968625824,0.6967609724927941,1.614157089656661
1.0,2.0,2.1000000000000005,0.4649710326375063,6.9128077409741655,53.32832693035904,0.8936618214353951,2.0904458750238835
1.0,2.0,2.2000000000000006,0.4712198684689741,6.850569162703893,52.560299831066295,1.1173339078722666,2.5907133622361913
1.0,2.0,2.3000000000000007,0.47734081014379115,7.011712176916161,51.76211344642438,1.3657431705133602,3.1075525885829838
1.0,2.0,2.400000000000001,0.4832990772512662,7.40033154229933,50.95653268552817,1.6364693088365845,3.634644107205556
1.0,2.0,2.500000000000001,0.48906252731135164,7.951078057824116,50.14908461655674,1.9269387707673726,4.166941155990805
1.0,2.0,2.600000000000001,0.4946074698801968,8.523161917433786,49.341085144992746,2.234679658778891,4.700900618028244
1.0,2.0,2.700000000000001,0.49992619107395864,9.0145244877161,48.532817060072674,2.5574738260122336,5.234067212021815
1.0,2.0,2.800000000000001,0.5050226928407778,9.395286015174365,47.72430093711823,2.893360163341558,5.7636218312060805
1.0,2.0,2.9000000000000012,0.5099052446272916,9.71004936537011,46.91548407758917,3.240596092352259,6.285615763400549
1.0,2.0,3.0000000000000013,0.5145788091921311,10.001154880858033,46.106280102529865,3.5976296099254195,6.796661372001204
1.0,2.0,3.1000000000000014,0.5190450776843054,10.286779106534894,45.29657032004091,3.963124001015955,7.2965258133604465
1.0,2.0,3.2000000000000015,0.5233040234882221,10.573173154833315,44.486189150683394,4.335993186250818,7.788460256370714
1.0,2.0,3.3000000000000016,0.5273540062850188,10.862443411484108,43.674889213987434,4.715409306135818,8.277892145354642
1.0,2.0,3.4000000000000017,0.5311914089497848,11.155304946719195,42.862273319651,5.10078487716054,8.77129703565142
1.0,2.0,3.5000000000000018,0.5348102998689586,11.451960276714832,42.0476667371038,5.491749230701554,9.275744518803084
1.0,2.0,3.600000000000002,0.538202108059331,11.752386217125778,41.22987534406018,5.888133483583838,9.799062280853047
1.0,2.0,3.700000000000002,0.541355155914866,12.056431444196491,40.406718303683895,6.289972135845552,10.350796255348932
1.0,2.0,3.800000000000002,0.5442537542614327,12.363844983697403,39.574098837939374,6.69753001592644,10.944041281725609
1.0,2.0,3.900000000000002,0.5468764619541047,12.67426999825838,38.724103315283,7.111366873870614,11.593354124512517
1.0,2.0,4.000000000000002,0.5491947545048347,12.987233208570352,37.841395585910625,7.532423158580126,12.264299800893493
1.0,2.0,4.100000000000001,0.5511901594363815,13.302384535549065,36.90257232548541,7.961743351781005,12.835011226833538
1.0,2.0,4.200000000000001,0.5528882158613868,13.619889499768753,35.8929531924299,8.399738353898531,13.380612028256325
1.0,2.0,4.300000000000001,0.5542865228443101,13.939366842167981,34.79689005696197,8.847785954507502,13.910987581816322
1.0,2.0,4.4,0.5553780576818765,14.260253162001645,33.605247485341174,9.307789593748979,14.366157066997474
1.0,2.0,4.5,0.5561795238565931,14.582018351507106,32.32775677209181,9.781365030029784,14.677572885787484
1.0,2.0,4.6,0.5567380184218371,14.904019751249832,30.9906615173705,10.269307697916846,14.87748687879215
1.0,2.0,4.699999999999999,0.5570921197902319,15.22520000356273,29.615001700053952,10.772676504538426,14.976961756689098
1.0,2.0,4.799999999999999,0.5572792223542234,15.54408208944746,28.21878757491411,11.292557891745696,14.986819286996056
1.0,2.0,4.899999999999999,0.5573349343427504,15.858427764219334,26.817011620644237,11.830093897564996,14.918732053870999
1.0,2.0,4.999999999999998,0.5572921650421949,16.164400839544555,25.42174155924806,12.386554116956669,14.774438916015516
1.0,2.0,5.099999999999998,0.5571848329268542,16.455192815883805,24.043631478531868,12.963182352177183,14.54875451744421
1.0,2.0,5.1999999999999975,0.5570506112528799,16.71999306983102,22.69271237769729,13.5610513335791,14.256115441514483
1.0,2.0,5.299999999999997,0.5569230403574705,16.946219674408365,21.375949092947252,14.181566754207232,13.927263120999008
1.0,2.0,5.399999999999997,0.5568249112893883,17.127598673007856,20.096254995734498,14.827027069824993,13.582298466299626
1.0,2.0,5.4999999999999964,0.5567718081134717,17.270915762564336,18.854949399164408,15.500529838448406,13.227187623197445
2.0,1.0,0.0,0.3521466063348435,21.037329411764816,17.183351131221812,0.0675936651583714,0.1467610859728514
2.0,1.0,0.1,0.3531034434157761,20.938765272155845,18.971738989401977,0.021117939628847393,0.14645579056387784
2.0,1.0,0.2,0.35429962836415096,20.755011217713587,21.191203642687448,0.0,0.14862777089233276
2.0,1.0,0.30000000000000004,0.35580184770811496,20.48981739131226,24.01953295904346,0.0,0.1538025102442942
2.0,1.0,0.4,0.357698528330754,20.14730273805627,27.5655401357283,0.0,0.16226698000998227
2.0,1.0,0.5,0.36009087763523284,19.728311468575527,31.777864977782198,0.0,0.17419697252322075
2.0,1.0,0.6,0.3630760750332512,19.248786833712575,36.60640541605908,0.0,0.1912724289541493
2.0,1.0,0.7,0.36674491161456313,18.738905340329783,42.18074079731757,0.0,0.21943550659241784
2.0,1.0,0.7999999999999999,0.37119940430689496,18.24569155961808,48.44569179344162,0.0,0.2659132378641465
2.0,1.0,0.8999999999999999,0.3765279715334178,17.812352217205344,54.954225954800044,0.010714992524390968,0.32830204209284425
2.0,1.0,0.9999999999999999,0.38276240546709694,17.443731893395935,61.44848340363968,0.04121364459788569,0.40196022100637785
2.0,1.0,1.0999999999999999,0.38990411201514796,17.157980841653416,67.80296745808782,0.09389748259795501,0.5019678198842671
2.0,1.0,1.2,0.39793165534612035,16.99008165377716,73.7987069485973,0.17128814661567637,0.6611621718518942
2.0,1.0,1.3,0.40678256132817986,16.969534745113247,79.12211700227891,0.2767686620426904,0.8760925087715571
2.0,1.0,1.4000000000000001,0.4163540061061884,17.092838620129562,83.6772317609086,0.41204508376493865,1.117933869239653
2.0,1.0,1.5000000000000002,0.4265400325948846,17.298528792392958,87.43683046778105,0.5761910934243524,1.3713153035192336
2.0,1.0,1.6000000000000003,0.43724334377178936,17.52507932671573,90.25600948922103,0.7670231669463377,1.6292169703065063
2.0,1.0,1.7000000000000004,0.4483606360667957,17.748796465314662,92.1880238017106,0.9817816436796559,1.8880636053749817
2.0,1.0,1.8000000000000005,0.4597987720372288,17.974671354428025,93.58581919888614,1.2177691079879007,2.146186041961228
2.0,1.0,1.9000000000000006,0.47150256070929664,18.224596498478284,94.74891802738557,1.4728021658899317,2.4025682941093045
2.0,1.0,2.0000000000000004,0.48344618664333083,18.534120077830842,95.7289423814438,1.745144869046652,2.656381806815233
2.0,1.0,2.1000000000000005,0.49560497128461733,18.925444285319163,96.44256480138883,2.033317753696349,2.9071890478442253
2.0,1.0,2.2000000000000006,0.5079427825703399,19.392344636941814,96.79284006520332,2.336089549884254,3.15507255446791
2.0,1.0,2.3000000000000007,0.5204141285618027,19.910888289319978,96.70251173373255,2.652559393266549,3.4005858126055943
2.0,1.0,2.400000000000001,0.5329684130593598,20.478133814453297,96.19548873479073,2.982226602463698,3.644756002190492
2.0,1.0,2.500000000000001,0.545557667227067,21.12952285663793,95.43998566645799,3.325073094770247,3.8891874884307134
2.0,1.0,2.600000000000001,0.5581461860509974,21.915804585599954,94.63443337660783,3.6816472314923425,4.13638229584387
2.0,1.0,2.700000000000001,0.5707111135112997,22.83778873489547,93.82269505601549,4.0531169850557065,4.390228283959557
2.0,1.0,2.800000000000001,0.58323240308022,23.86381988175782,93.00952461718035,4.441325100772462,4.656279177832538
2.0,1.0,2.9000000000000012,0.595692238259024,24.976543496654383,92.19518161812162,4.8489436783050355,4.941591135400481
2.0,1.0,3.0000000000000013,0.6080723461797076,26.168276294393387,91.37935628714402,5.27969540311204,5.254146952761257
2.0,1.0,3.1000000000000014,0.620352445838151,27.4329086053477,90.56146929657079,5.738616560134469,5.601605503338748
2.0,1.0,3.2000000000000015,0.6325101398584942,28.760715951654014,89.7405597224866,6.2323000671214,5.989049535120407
2.0,1.0,3.3000000000000016,0.6445222436640539,30.132092189030868,88.9150648577411,6.768966612342968,6.4164182649855945
2.0,1.0,3.4000000000000017,0.6563678027056447,31.518778943833873,88.08252205612959,7.358119457514449,6.877837237933087
2.0,1.0,3.5000000000000018,0.6680312341086544,32.887518506142925,87.23923033235269,8.009589138770187,7.363244131532965
2.0,1.0,3.600000000000002,0.6795044437422209,34.20349418785915,86.37996904149895,8.732011189905455,7.852989856180791
2.0,1.0,3.700000000000002,0.6907904766904049,35.452350471832446,85.49854379964786,9.53094054842192,8.271335626558448
2.0,1.0,3.800000000000002,0.7019219727253566,36.658050634667966,84.59429688384023,10.406397777744377,8.57061045974609
2.0,1.0,3.900000000000002,0.7129478529823131,37.85321068632316,83.67490810506001,11.354628873829794,8.894022150896742
2.0,1.0,4.000000000000002,0.7238622525893306,39.066442197871986,82.73652031934972,12.37173404817405,9.286039074451216
2.0,1.0,4.100000000000001,0.7346391056779156,40.34797479140033,81.76920765793892,13.448514205977194,9.735377895154187
2.0,1.0,4.200000000000001,0.7452496710378913,41.744109239606644,80.76217303097077,14.570135467745416,10.225236923273275
2.0,1.0,4.300000000000001,0.7556650953105001,43.22554380720288,79.70541555843263,15.719508538134527,10.745849448129666
2.0,1.0,4.4,0.7658620782819969,44.73715078514688,78.58989903141669,16.880569615942402,11.284962820497107
2.0,1.0,4.5,0.7758266387546164,46.2536006325295,77.40941338027719,18.03953670590085,11.813427895037103
2.0,2.0,0.0,0.3697864253393684,24.3372380090499,15.398151131221802,0.0680099547511315,0.031273303167421
2.0,2.0,0.1,0.3706067740783184,24.371635148737703,16.595470047542342,0.024358511175275564,0.04098815299760852
2.0,2.0,0.2,0.3715758510619934,24.349828236085376,17.96305249579844,0.0,0.05300913065145739
2.0,2.0,0.30000000000000004,0.3727235680386388,24.27723908323222,19.587460432904816,0.0,0.06792982294474254
2.0,2.0,0.4,0.3740902224355561,24.162077574697527,21.606132751906742,0.0,0.08648130078313587
2.0,2.0,0.5,0.37573016251933095,23.999863120082995,24.186921962884515,0.0,0.10980764330432694
2.0,2.0,0.6,0.3777185413634928,23.79219227321074,27.463137195796612,0.0,0.13887201016307138
2.0,2.0,0.7,0.3801470470618415,23.554684555218415,31.42837174041376,0.0,0.17396781016702556
2.0,2.0,0.7999999999999999,0.38310648405507636,23.31747767218956,36.01661452203238,0.0,0.21591209208233292
2.0,2.0,0.8999999999999999,0.3866777228424849,23.107554734332833,41.263710640693276,0.0,0.2691662078476267
2.0,2.0,0.9999999999999999,0.3909420981012204,22.948664241718134,47.16012936588479,0.004359056642651917,0.3386936977722502
2.0,2.0,1.0999999999999999,0.3959759904477,22.8797421594776,53.38065156172122,0.02497460297570853,0.4207859289792
2.0,2.0,1.2,0.40181515944144736,22.942196450786486,59.58337434442001,0.06488575291929155,0.5123969054204333
2.0,2.0,1.3,0.4084511177641054,23.16826601424405,65.55564484954114,0.12605619139494562,0.631047393154696
2.0,2.0,1.4000000000000001,0.4158407130707199,23.588538338038592,71.02137743612764,0.2106237598012449,0.8069778122794169
2.0,2.0,1.5000000000000002,0.42389523628032355,24.20587587081258,75.72878618853413,0.32147008347125106,1.0338393551368044
2.0,2.0,1.6000000000000003,0.4324974718717443,24.99462610642648,79.48474330399094,0.4600080856599873,1.2853820152159754
2.0,2.0,1.7000000000000004,0.4415188407020535,25.957296454623986,82.1571057152301,0.6253093115965871,1.547177639547464
2.0,2.0,1.8000000000000005,0.4508202414615436,27.10490381262567,83.90207137270961,0.8152385612756019,1.8127739819388757
2.0,2.0,1.9000000000000006,0.4602800499328637,28.4296099164264,85.12561210697551,1.0276000726954782,2.078842546297061
2.0,2.0,2.0000000000000004,0.4698218488339548,29.909211292233284,85.95971495389792,1.2607273946716036,2.343047712225304
2.0,2.0,2.1000000000000005,0.47938645360987736,31.509580556681364,86.25745997952728,1.5132561852463937,2.6037210712411465
2.0,2.0,2.2000000000000006,0.4889038937587905,33.20308274499921,85.95042936157718,1.7839800701585695,2.8601685795144287
2.0,2.0,2.3000000000000007,0.4983007707423784,34.985483196557226,85.24823047566193,2.0720714280790165,3.112391905110477
2.0,2.0,2.400000000000001,0.5075260068343798,36.879365382585235,84.44961617201731,2.377346134273729,3.360493631620752
2.0,2.0,2.500000000000001,0.516556513893322,38.90884595776953,83.64150747368808,2.700296745693029,3.6046624461440193
2.0,2.0,2.600000000000001,0.5253752095637284,41.030499752847085,82.83233015451076,3.0420093107372455,3.8458029108519605
2.0,2.0,2.700000000000001,0.53397075381203,43.169271372766325,82.02270997587185,3.404197415128908,4.085980101926006
2.0,2.0,2.800000000000001,0.5423400906980437,45.286953153572576,81.21257903625359,3.7892798431594104,4.328637545211429
2.0,2.0,2.9000000000000012,0.5504836749186438,47.371502897369055,80.40173506216567,4.200562317249396,4.578672663554904
2.0,2.0,3.0000000000000013,0.558401998550524,49.41734255514484,79.58984464704251,4.642504998879228,4.842452306654042
2.0,2.0,3.1000000000000014,0.566094400857979,51.417608934865164,78.77636230761223,5.121060241887114,5.127605359821371
2.0,2.0,3.2000000000000015,0.5735588415238231,53.37426457416266,77.96037475783608,5.644071744421982,5.442143992091187
2.0,2.0,3.3000000000000016,0.5807908449607796,55.32114262083871,77.14031877538875,6.22167255224677,5.792427904316443
2.0,2.0,3.4000000000000017,0.5877806006011316,57.31095082845647,76.31349237911868,6.866377245737023,6.180451334149445
2.0,2.0,3.5000000000000018,0.59451250099982,59.369878493836325,75.47530166532391,7.591958667386568,6.602799996163136
2.0,2.0,3.600000000000002,0.6009700016474434,61.48252877870349,74.61834274258979,8.409916641555323,7.0532281307219655
2.0,2.0,3.700000000000002,0.6071409210820714,63.61881910344461,73.73169926143794,9.323874062455186,7.524781364755851
2.0,2.0,3.800000000000002,0.6130185240390843,65.7560697191348,72.80132351437639,10.325641289507862,7.988082007418173
2.0,2.0,3.900000000000002,0.6186072935024657,67.8766166447981,71.81575963441054,11.396341376229735,8.33775434613784
2.0,2.0,4.000000000000002,0.623948193519176,69.96472939451141,70.78471594957715,12.510396088874083,8.709115112210258
2.0,2.0,4.100000000000001,0.6290376915594674,71.9996446703616,69.70302822868038,13.646247410575382,9.150010643173843
2.0,2.0,4.200000000000001,0.6338557234038089,73.97101154009005,68.55931570644171,14.785442029627731,9.606874309978307
2.0,2.0,4.300000000000001,0.6383988367320552,75.88444537188889,67.35396087065914,15.912041183885012,9.99263132058706
2.0,2.0,4.4,0.6426919674077098,77.74633052083134,66.1032940418953,17.01276012802359,10.292123670338333
2.0,2.0,4.5,0.6467655180078162,79.56037480703442,64.82434619593595,18.078915066523624,10.53124010353114
3.0,1.0,0.0,0.2799547511312231,19.53699849170448,13.188633484162963,0.0277797888386125,0.0431070889894421
3.0,1.0,0.1,0.2788508723796874,19.86277497186541,13.596156441425695,0.005646243435663872,0.05361578008589111
3.0,1.0,0.2,0.27772679952676255,20.194775988310923,14.021871738108263,0.0,0.06369252031391048
3.0,1.0,0.30000000000000004,0.2765853541655044,20.532299203752128,14.46643826219647,0.0,0.073358769869542
3.0,1.0,0.4,0.2754282375259505,20.874897981448925,14.934157521184936,0.0,0.0826175074266254
3.0,1.0,0.5,0.27425694657427574,21.22213016235976,15.43204940773864,0.0,0.09145923406202461
3.0,1.0,0.6,0.2730737021916018,21.5732391039382,15.969388541118475,0.0,0.09986971927928791
3.0,1.0,0.7,0.2718817030611145,21.927130870959026,16.558715064168776,0.0,0.10782886150795182
3.0,1.0,0.7999999999999999,0.27068548002946863,22.28237405673041,17.21741206092744,0.0,0.11530913547759156
3.0,1.0,0.8999999999999999,0.2694914031086621,22.637219414748394,17.970225752393407,0.0,0.12227348281739718
3.0,1.0,0.9999999999999999,0.2683084296885306,22.989628270919862,18.853354636927943,0.0,0.12867248698192785
3.0,1.0,1.0999999999999999,0.2671492440565201,23.33729105820769,19.921030724134944,0.0,0.13444076665931254
3.0,1.0,1.2,0.26603203040318624,23.67761450152555,21.255368765685287,0.0,0.13949303490337422
3.0,1.0,1.3,0.2649832046449017,24.0076696098504,22.977435481851632,0.0,0.14372217558992723
3.0,1.0,1.4000000000000001,0.26404125750309104,24.324159100384684,25.246388797339854,0.0,0.14700741787415852
3.0,1.0,1.5000000000000002,0.2632606536418481,24.623652528696717,28.219624071987397,0.0,0.14925267801994363
3.0,1.0,1.6000000000000003,0.26271216874694814,24.903551016278712,31.997846138540684,0.0,0.15047952147811025
3.0,1.0,1.7000000000000004,0.26247808496990455,25.163884146800825,36.67859262721968,0.0,0.15095609005243638
3.0,1.0,1.8000000000000005,0.26265212066009636,25.411271208240393,42.40386857137183,0.0,0.15134598181068362
3.0,1.0,1.9000000000000006,0.2633434221486916,25.674980249784692,49.060502920743275,0.0,0.15312812591406436
3.0,1.0,2.0000000000000004,0.2646500841041862,25.99836760206794,56.17798367621448,0.000550251117152691,0.15969556652623415
3.0,1.0,2.1000000000000005,0.26662171678279645,26.386724794599466,63.42387823098615,0.004947708834482213,0.17795165165461804
3.0,1.0,2.2000000000000006,0.26927358005874613,26.845331116881496,70.69052703944243,0.013028128399967262,0.21806765703788478
3.0,1.0,2.3000000000000007,0.27260489767847257,27.400494289571892,77.90227521572949,0.024864715772347057,0.2850928368933596
3.0,1.0,2.400000000000001,0.27660070537530457,28.096600172670247,84.88158433270517,0.04072401483830147,0.3735666362588587
3.0,1.0,2.500000000000001,0.281223582811213,28.961920366950796,91.18414685063259,0.06087169902684195,0.47868670163305793
3.0,1.0,2.600000000000001,0.286389163635824,30.00790660343915,96.35145718059677,0.0857159996835309,0.6016619955634414
3.0,1.0,2.700000000000001,0.2919642921528068,31.245133761475245,100.50902552464893,0.11608308226757494,0.7473039109162769
3.0,1.0,2.800000000000001,0.2978229454408755,32.68331746151304,103.96760400670472,0.15326760673438747,0.9195643005167248
3.0,1.0,2.9000000000000012,0.30386545695257455,34.31902581870183,106.84756481810481,0.1988926072140737,1.1167221629830557
3.0,1.0,3.0000000000000013,0.31000454642808406,36.12064410481303,109.03901593854474,0.25466455031407037,1.3298944831159423
3.0,1.0,3.1000000000000014,0.316149729309835,38.0391323558001,110.31256302548498,0.32205736752320696,1.5482920911704525
3.0,1.0,3.2000000000000015,0.32219885049316027,40.03253495265134,110.66896087000255,0.40211353084068513,1.7651195225777707
3.0,1.0,3.3000000000000016,0.3280577161789007,42.0691385034158,110.3492155599506,0.49544960017820633,1.978077505543504
3.0,1.0,3.4000000000000017,0.33365990228848824,44.121994498915136,109.66058348329571,0.6023664244080472,2.1869476168642072
3.0,1.0,3.5000000000000018,0.3389714302696093,46.17327566482457,108.85361228332431,0.722955063904942,2.391927616178687
3.0,1.0,3.600000000000002,0.3439839215608387,48.212336930109274,108.01245497865311,0.8571744022143652,2.5930573319953423
3.0,1.0,3.700000000000002,0.34869804207922694,50.23438612564625,107.15579560154228,1.0048525856072617,2.790336771774655
3.0,1.0,3.800000000000002,0.35311666977432354,52.25058956177703,106.28693007926732,1.1656793553490632,2.98381320132891
3.0,1.0,3.900000000000002,0.35724164317117285,54.29199124869395,105.40543671939784,1.3391976074035767,3.173593175180789
3.0,1.0,4.000000000000002,0.3610712271679758,56.3875702835611,104.5099129691425,1.5247774802469143,3.359834566482399
3.0,1.0,4.100000000000001,0.3646002936816085,58.53066613895955,103.59872604242192,1.7215965132824067,3.54274096489115
3.0,1.0,4.200000000000001,0.3678241755220716,60.68773303507898,102.67017219496508,1.9286845477158088,3.7225646155832166
3.0,1.0,4.300000000000001,0.37074146735836305,62.82884398688207,101.72247307184799,2.1450162204716983,3.8996063377250083
3.0,1.0,4.4,0.37335351731926736,64.93538558159385,100.75381198794733,2.369584311794697,4.074206904080372
3.0,1.0,4.5,0.3756631469105078,66.9959200306536,99.7623920802577,2.601447799490251,4.246737217881481
3.0,1.0,4.6,0.3776738583721358,69.00353490051373,98.74646601991333,2.8397686336462242,4.417591217639134
3.0,1.0,4.699999999999999,0.37938935183267564,70.9558042387786,97.70431416795087,3.083838741109965,4.587181527042822
3.0,1.0,4.799999999999999,0.38081306848033225,72.85533471537967,96.63414360090417,3.3330944756957894,4.755937609335077
3.0,1.0,4.899999999999999,0.38194769110548243,74.70923249642127,95.53385599955264,3.5871192153256293,4.924306740709898
3.0,1.0,4.999999999999998,0.3827946962711454,76.52715238497557,94.40060879573447,3.8456396848576273,5.0927584123825245
3.0,1.0,5.099999999999998,0.3833540733224049,78.31883483010895,93.23010425556413,4.108523052629888,5.261792630499008
3.0,1.0,5.1999999999999975,0.38362422588041517,80.0922266391347,92.01564543553177,4.375778729988609,5.431952079404031
3.0,1.0,5.299999999999997,0.38360196874481733,81.85262257031468,90.74729625303718,4.647564406205978,5.603837247313178
3.0,1.0,5.399999999999997,0.38328252462031115,83.60271645447528,89.41204533450184,4.924193814667213,5.778121929425123
3.0,1.0,5.4999999999999964,0.3826595177633719,85.34340224530257,87.99634763935885,5.206144493965106,5.955563326669687
3.0,1.0,5.599999999999996,0.3817250976358578,87.07521165428778,86.49149143345336,5.494065319217607,6.136996701454758
3.0,2.0,0.0,0.307408748114632,18.866135746606435,16.18984917043749,0.0965972850678738,0.22387028657617
3.0,2.0,0.1,0.3070779454478262,19.3679805312872,16.5726771117084,0.09118433609896165,0.2305207383115062
3.0,2.0,0.2,0.30672151045598284,19.901068387266303,16.968818915393577,0.08589025107006673,0.23682369536831124
3.0,2.0,0.30000000000000004,0.30633704999108263,20.469439300409753,17.38163991379582,0.08069460752378901,0.24277821271172914
3.0,2.0,0.4,0.30592201607450586,21.07726234659847,17.815323738424738,0.07557573846907667,0.24838135900554562
3.0,2.0,0.5,0.30547376532283804,21.72846739418196,18.275178210352912,0.07051089738521714,0.2536278476397512
3.0,2.0,0.6,0.3049896858591929,22.426251190818117,18.768093767863682,0.06547678834353456,0.25850951324001514
3.0,2.0,0.7,0.3044674196405217,23.172616462965742,19.303231466352667,0.060450710050265234,0.26301455875971336
3.0,2.0,0.7999999999999999,0.3039051987706573,23.968239882134107,19.89304657383018,0.055412607664514744,0.2671264785599429
3.0,2.0,0.8999999999999999,0.3033022931205281,24.812973438469278,20.554788999442174,0.050348307881573635,0.2708225593633713
3.0,2.0,0.9999999999999999,0.30265954735937145,25.70707603256357,21.312659908360175,0.04525414930990235,0.2740718945070189
3.0,2.0,1.0999999999999999,0.301979991232457,26.65300373444467,22.200800779440566,0.04014320667210283,0.27683295682551795
3.0,2.0,1.2,0.3012695403674872,27.657531101991253,23.267049871493786,0.03505340275870153,0.27905107176747057
3.0,2.0,1.3,0.3005378223936544,28.73397852375516,24.576351231835893,0.03005779498665924,0.2806569221884954
3.0,2.0,1.4000000000000001,0.29979908505403374,29.902994888701137,26.209851094118957,0.02527655232781097,0.2815691622496104
3.0,2.0,1.5000000000000002,0.29907294464596834,31.1851487281998,28.251802882012132,0.020887831856197525,0.28170804617454626
3.0,2.0,1.6000000000000003,0.29838472677807365,32.5807197735293,30.761880150499834,0.01713231675316796,0.2810309308295342
3.0,2.0,1.7000000000000004,0.29776543466321015,34.06365981447181,33.76145404288379,0.014307415513667099,0.27959582816913914
3.0,2.0,1.8000000000000005,0.29725115632002846,35.597811978097575,37.276964447716864,0.012754987142096176,0.2776426076544131
3.0,2.0,1.9000000000000006,0.29688473340094684,37.150348126430885,41.379629756076255,0.012874663469549727,0.27569538562036566
3.0,2.0,2.0000000000000004,0.2967196676538384,38.710386622133846,46.04195406778804,0.015160659270203311,0.27478325188409025
3.0,2.0,2.1000000000000005,0.2968090611207767,40.31221163231235,50.97732690381193,0.02012150006678871,0.27687396131291736
3.0,2.0,2.2000000000000006,0.29717688699286304,42.029905652128356,55.88048854263843,0.028088806298774277,0.28524784800567266
3.0,2.0,2.3000000000000007,0.29781059921857755,43.91999649270947,60.54352935975508,0.039239176946284156,0.3044122239358649
3.0,2.0,2.400000000000001,0.29867042334837113,45.97685744996378,64.754513851404,0.053724500500507526,0.3388591016227027
3.0,2.0,2.500000000000001,0.2996951882754294,48.15124444635159,68.27207825943255,0.07169426349511673,0.3902665402207025
3.0,2.0,2.600000000000001,0.30080524671290176,50.393145377853514,70.90260480141527,0.09318812961587136,0.45619411282835653
3.0,2.0,2.700000000000001,0.30190852233248616,52.66878026949117,72.6031509040504,0.11800846810469438,0.5324035883090478
3.0,2.0,2.800000000000001,0.3029134194964631,54.95880903943755,73.50531085461765,0.14572382440412074,0.6152567583326699
3.0,2.0,2.9000000000000012,0.3037432340567443,57.254733469293654,73.82494506586012,0.17578532045675954,0.7022839549936838
3.0,2.0,3.0000000000000013,0.304342401130897,59.55626154213321,73.7578508061889,0.20763347021854156,0.7919390409360798
3.0,2.0,3.1000000000000014,0.3046735257178257,61.8691954900499,73.44250531041206,0.24074117925140465,0.8832687708570375
3.0,2.0,3.2000000000000015,0.3047113549079938,64.20373968771926,72.96761393716402,0.2746164173527185,0.975672603949231
3.0,2.0,3.3000000000000016,0.3044377184607293,66.5724173870284,72.38852240768428,0.3087934490449246,1.0687562941042552
3.0,2.0,3.4000000000000017,0.3038382465498404,68.98641003902894,71.73985817499657,0.3428250500420078,1.162247827873417
3.0,2.0,3.5000000000000018,0.30290064714405807,71.45076249559091,71.04346968517207,0.3762805993263027,1.2559491436034418
3.0,2.0,3.600000000000002,0.3016141955339563,73.96165384049117,70.31308458006342,0.40875231806210577,1.3497075853431437
3.0,2.0,3.700000000000002,0.29996989940966173,76.50823278008914,69.55688719739875,0.4398673084497532,1.4433983502214107
3.0,2.0,3.800000000000002,0.2979606853788328,79.07687640524475,68.77871853749421,0.46929851429618935,1.536913027979687
3.0,2.0,3.900000000000002,0.295581257582092,81.65389537650098,67.97823184876452,0.49676929600997194,1.6301509752014705
3.0,2.0,4.000000000000002,0.29282770780347356,84.22533444697548,67.15014504553025,0.5220517241152556,1.7230108951590493
3.0,2.0,4.100000000000001,0.2896970882299624,86.7753402963201,66.28289094581588,0.5449614595764353,1.8153802815769176
3.0,2.0,4.200000000000001,0.28618702987763667,89.28630277431995,65.3578468659436,0.5653509896446649,1.907120945322978
3.0,2.0,4.300000000000001,0.28229528887588223,91.74280066113383,64.35184759799246,0.5831000677112458,1.9980511303902044
3.0,2.0,4.4,0.2780191558805171,94.13436451985444,63.24526609913756,0.5981024337266643,2.087930491272567
3.0,2.0,4.5,0.27335530580676964,96.45232933760387,62.03139355952924,0.6102569826754141,2.176460407160464
3.0,2.0,4.6,0.26830069901427905,98.68692653033516,60.716428905506554,0.6194732262908702,2.26330543780707
3.0,2.0,4.699999999999999,0.26285371167082755,100.8319560601503,59.30907479356888,0.6256814050846627,2.348118389264432
3.0,2.0,4.799999999999999,0.2570140118832384,102.89185241786984,57.812661841106305,0.6288267202306509,2.4305448514803847
3.0,2.0,4.899999999999999,0.25078124228458737,104.87482514087347,56.22689080390632,0.6288470218417823,2.510210234370362
3.0,2.0,4.999999999999998,0.2441544643371039,106.77859079664773,54.55403698365664,0.6256609368571677,2.5867145057774965
3.0,2.0,5.099999999999998,0.23713325975743238,108.59000987995076,52.80179500712051,0.6191801492738375,2.6596526912110225
3.0,2.0,5.1999999999999975,0.2297190221099378,110.30075893820066,50.97983375160071,0.609325970962533,2.7286536834544646
3.0,2.0,5.299999999999997,0.22191468875536738,111.91453624553296,49.093188306149344,0.5960249217370237,2.793407916042961
3.0,2.0,5.399999999999997,0.2137234263132546,113.43442358520642,47.136201007217295,0.5791897607781966,2.8536576788441463
3.0,2.0,5.4999999999999964,0.20514789307211292,114.85637520909602,45.086857568237306,0.5587086811044534,2.909145158240409
3.0,2.0,5.599999999999996,0.1961896137267726,116.17824453755901,42.89884684512888,0.5344340804261891,2.959523952848545
4.0,1.0,0.0,0.2857797888386139,16.369583710407326,7.434817496229304,0.0960331825037712,0.1759788838612377
4.0,1.0,0.1,0.2875790615948341,16.229591415417318,8.419598143783993,0.04177227076275519,0.17748478516208802
4.0,1.0,0.2,0.28954822203830166,16.077261585446934,9.628485126812244,0.0,0.1768728931002571
4.0,1.0,0.30000000000000004,0.29172172328568496,15.915920696114574,11.118750131225518,0.0,0.1739194359413949
4.0,1.0,0.4,0.2941446544064441,15.759603261093188,12.9489759028528,0.0,0.16838923028219488
4.0,1.0,0.5,0.29686453237217275,15.62306342466422,15.153552353268024,0.0,0.16022484478170612
4.0,1.0,0.6,0.2999326234715087,15.53426972211887,17.746100595024405,0.0,0.1497089519548828
4.0,1.0,0.7,0.3033997086620947,15.539007292923728,20.71113161074266,0.0,0.13774258747200796
4.0,1.0,0.7999999999999999,0.30730987205186927,15.697415792736313,23.974717653758894,0.0,0.1262884788853963
4.0,1.0,0.8999999999999999,0.3116906014991928,16.06641926908845,27.399144209216438,0.0,0.11898744388189117
4.0,1.0,0.9999999999999999,0.31654386778063565,16.686926118280585,30.83801521482747,0.007920392532498623,0.12157452388998709
4.0,1.0,1.0999999999999999,0.3218463062379008,17.57787597728467,34.179307990906736,0.027966634385275586,0.14096664331366635
4.0,1.0,1.2,0.3275547008374469,18.73577113262017,37.360353296873996,0.06176597648547728,0.1825648799914421
4.0,1.0,1.3,0.3336148088817697,20.14736465739293,40.36308193297795,0.11135694488083181,0.24847044317587502
4.0,1.0,1.4000000000000001,0.33996926849686787,21.798217719847177,43.15580558112412,0.17911096400927523,0.3402910453234874
4.0,1.0,1.5000000000000002,0.34655651006474975,23.669666922461765,45.61784899332354,0.267677951466315,0.4630583716132968
4.0,1.0,1.6000000000000003,0.35329957834939735,25.734407552873552,47.54165981589021,0.3800285390244947,0.6225329960095994
4.0,1.0,1.7000000000000004,0.36009676219609277,27.9727733732742,48.645261416908156,0.5192851313575163,0.815964368813992
4.0,1.0,1.8000000000000005,0.36681489379048504,30.36162286523742,48.77579570667353,0.6877105062074131,1.0308738627030865
4.0,1.0,1.9000000000000006,0.37330926352221133,32.83480249116077,48.2395036098973,0.8860204392779933,1.255169346129429
4.0,1.0,2.0000000000000004,0.3794844700485673,35.30865116966754,47.3786191467116,1.114708901778686,1.4824656854663942
4.0,1.0,2.1000000000000005,0.3852990933362376,37.7079868767859,46.3441440599998,1.374906874574322,1.70979022803138
4.0,1.0,2.2000000000000006,0.3907408149295331,40.02143348555038,45.19793193455754,1.6683639270416937,1.9355650025284206
4.0,1.0,2.3000000000000007,0.3958068333032519,42.25273678561606,43.97948392159421,1.9971916441149007,2.158894310424083
4.0,1.0,2.400000000000001,0.40049897769700366,44.34046425427097,42.71822781614795,2.3638083319795036,2.3793217431422273
4.0,1.0,2.500000000000001,0.4048311824137531,46.26668455111855,41.433483262402326,2.771216702412473,2.5967423046613596
4.0,1.0,2.600000000000001,0.40882243729439294,48.07479138885141,40.13603863749574,3.222663652471704,2.811293671640408
4.0,1.0,2.700000000000001,0.4124876009436776,49.82084972503348,38.83136499638529,3.720928256558519,3.023295732542884
4.0,1.0,2.800000000000001,0.4158350242042435,51.54250545746744,37.52204901046452,4.267537881981449,3.233256208085461
4.0,1.0,2.9000000000000012,0.4188684702045048,53.2561338235967,36.20904745005726,4.861923719462721,3.4418981656086176
4.0,2.0,0.0,0.2952790346908009,16.365565610859814,11.410313725490258,0.0855565610859733,0.1397194570135753
4.0,2.0,0.1,0.2977788108910087,16.361828555373467,13.2492689627697,0.04577285512222566,0.13270371310556897
4.0,2.0,0.2,0.3005550685292315,16.414989116072586,15.437098924598324,0.010476622128697148,0.12312558606591695
4.0,2.0,0.30000000000000004,0.3036507441917279,16.572642783997257,17.98502712320409,0.0,0.11135112200170431
4.0,2.0,0.4,0.3071072782890024,16.89746580099407,20.867781620690252,0.0,0.09824321438751217
4.0,2.0,0.5,0.31095403007707456,17.44518123081818,23.996281223203717,0.0,0.08563118307962034
4.0,2.0,0.6,0.3152007254854731,18.247157143088373,27.223631071997957,0.0,0.07681728044736633
4.0,2.0,0.7,0.31983338235785336,19.312373213166815,30.399240965328197,0.0030922681777810204,0.076751004784222
4.0,2.0,0.7999999999999999,0.324815863679108,20.64001605668088,33.41394300436827,0.015918842311111438,0.09124773316118429
4.0,2.0,0.8999999999999999,0.33009591060252746,22.22563521828421,36.21212289569429,0.039462096172795925,0.12488329524471142
4.0,2.0,0.9999999999999999,0.33561170456649425,24.055089175776992,38.79173421436133,0.074939301220742,0.1795045527869931
4.0,2.0,1.0999999999999999,0.3413006747729624,26.09110762791744,41.1571743774455,0.12376278059468213,0.2555384721758681
4.0,2.0,1.2,0.3471041954002637,28.283602025192632,43.26544989377267,0.18752150942998713,0.35485333463079755
4.0,2.0,1.3,0.35296353050416335,30.599939391920028,45.03357516641746,0.26801686381293666,0.48159977810680843
4.0,2.0,1.4000000000000001,0.3588122058351096,33.041177599944945,46.30255893608898,0.3672931226215459,0.6389908159286949
4.0,2.0,1.5000000000000002,0.364562891301635,35.600432327177785,46.82345727297981,0.48725195999127746,0.8239668355799239
4.0,2.0,1.6000000000000003,0.3701002618801775,38.242773401824316,46.55193318443952,0.6288419154996453,1.0270463340906935
4.0,2.0,1.7000000000000004,0.37531149168331285,40.930696762586884,45.74848445022149,0.7920385799894251,1.2391422016102915
4.0,2.0,1.8000000000000005,0.3801222226930642,43.61150626663493,44.6683745085947,0.9767171718338106,1.4550466937363828
4.0,2.0,1.9000000000000006,0.3844964984468142,46.25411076932109,43.45760706380952,1.1831638383312608,1.672161297202259
4.0,2.0,2.0000000000000004,0.38842019467843286,48.87307024497365,42.18827986404192,1.4120477411129695,1.8891303871397316
4.0,2.0,2.1000000000000005,0.391885962294636,51.474898029759245,40.89324018338322,1.6641851983322284,2.1051954181722405
4.0,2.0,2.2000000000000006,0.3948896063411639,54.010481739088306,39.58671756929964,1.9405041248927892,2.3199448666967104
4.0,2.0,2.3000000000000007,0.3974351663696841,56.43338575102834,38.2746647127849,2.2422691324070625,2.533225378831441
4.0,2.0,2.400000000000001,0.39953353680623205,58.714871847992114,36.95936292649968,2.5710762688380626,2.7450671658729213
4.0,2.0,2.500000000000001,0.40119969834743785,60.838699180331204,35.6413701722006,2.928751830236494,2.9556245521801485
4.0,2.0,2.600000000000001,0.40245088402089724,62.79442308921031,34.3202345913471,3.3172307783132,3.1651328797125
4.0,2.0,2.700000000000001,0.4033057106882601,64.5943890988279,32.99460441648108,3.738403863359394,3.373875673581394
4.0,2.0,2.800000000000001,0.4037811829977106,66.28551133685335,31.66196666254245,4.193750500831193,3.5821571270413735
4.0,2.0,2.9000000000000012,0.40388819545860016,67.91352282565236,30.318074862782336,4.683733736841493,3.7902832761696135
5.0,1.0,0.0,0.3256866858631582,5.154169066227917,6.723251062662863,0.0161367064308241,0.1055605375017146
5.0,1.0,0.1,0.3216182398179824,5.036017737187195,8.451200329870153,0.0,0.07869716604429872
5.0,1.0,0.2,0.3176803954616019,4.916971044276582,10.225416115093868,0.0,0.06761012427399668
5.0,1.0,0.30000000000000004,0.313877901604246,4.797255250989299,12.05770647558938,0.0,0.07850985503969538
5.0,1.0,0.4,0.31021559977957386,4.67705746626545,13.954233191707328,0.0,0.12051660521445018
5.0,1.0,0.5,0.306697047881565,4.556657150308241,15.91470383581613,0.0,0.20589723253511377
5.0,1.0,0.6,0.3033230559743527,4.436285473344274,17.93917271051659,0.0,0.34982865408121244
5.0,1.0,0.7,0.3000909752961801,4.315704624997707,20.03507346041641,0.0,0.5680947103709186
5.0,1.0,0.7999999999999999,0.29699523112132054,4.19319073446654,22.22138235476318,0.0,0.8703872014700775
5.0,1.0,0.8999999999999999,0.2940298215504074,4.062955570146574,24.54119074527792,0.0,1.2497462098754395
5.0,1.0,0.9999999999999999,0.2911948532229888,3.9084650162871517,27.104834346257135,0.0018852838298617077,1.680134412596347
5.0,1.0,1.0999999999999999,0.28850939572677364,3.6920135148155704,30.12125819034341,0.01432992018319481,2.129046489240412
5.0,1.0,1.2,0.28602661391086176,3.3684670014020495,33.8563873733848,0.03675217363456343,2.571153292436814
5.0,1.0,1.3,0.28383999583034686,2.9461980402662555,38.4873731580368,0.06821691554633166,3.0054860079899663
5.0,1.0,1.4000000000000001,0.28206296891424487,2.47336962907122,44.03492235100573,0.10790954979025187,3.450090116020924
5.0,1.0,1.5000000000000002,0.2808030595827947,1.9848687469134352,50.327879966434026,0.15523984248045947,3.8909143928546337
5.0,1.0,1.6000000000000003,0.28015021031458653,1.5064239483389175,57.030118664030496,0.20944757222161692,4.321277917507191
5.0,1.0,1.7000000000000004,0.2801582092305388,1.08534384768022,63.786838257354155,0.26978888874853196,4.738759190127968
5.0,1.0,1.8000000000000005,0.2808390025078565,0.7627155151579745,70.45561111535312,0.33565095614527796,5.134776691997015
5.0,1.0,1.9000000000000006,0.2821874486576829,0.5021875006731764,76.86929814476015,0.4066373931450502,5.5001034393199335
5.0,1.0,2.0000000000000004,0.2841869021303757,0.2784475191110449,82.62026621350913,0.4825324850896917,5.830640596333596
5.0,1.0,2.1000000000000005,0.2867799549026155,0.08356855509918762,87.47434929953184,0.5631771162537815,6.128518718243831
5.0,1.0,2.2000000000000006,0.28988268862441136,0.0,91.45488561396013,0.6484765768160112,6.398713389913616
5.0,1.0,2.3000000000000007,0.2934017215691359,0.0,94.60174384259786,0.7384354814578351,6.6458080264736346
5.0,1.0,2.400000000000001,0.29724801631591063,0.0,97.07112063408601,0.833101422554987,6.873601741585387
5.0,1.0,2.500000000000001,0.30135615577577424,0.0,99.04628939004125,0.9325710346392286,7.0851769570214245
5.0,1.0,2.600000000000001,0.30567901448171025,0.0,100.68321611063239,1.037000833332362,7.283072678095317
5.0,1.0,2.700000000000001,0.31018529886712193,0.0,102.09055520102598,1.1465964240288902,7.469601280181822
5.0,1.0,2.800000000000001,0.3148546739689738,0.0,103.32534268534603,1.2615988739414552,7.647046127745862
5.0,1.0,2.9000000000000012,0.3196722326430936,0.0,104.39991224106043,1.3822698684038464,7.817774664129094
5.0,1.0,3.0000000000000013,0.32462358934257746,0.0,105.30481937436117,1.5088773853924804,7.984311419203756
5.0,1.0,3.1000000000000014,0.3296924147733285,0.0,106.03690249065656,1.6416862558245102,8.149415548696018
5.0,1.0,3.2000000000000015,0.3348610278244091,0.0,106.61219485810803,1.7809558716190883,8.316228541401399
5.0,1.0,3.3000000000000016,0.3401123848899634,0.0,107.05752300235295,1.9269417870862733,8.488537310516419
5.0,1.0,3.4000000000000017,0.34543107453461336,0.0,107.39551464243573,2.0798955152436878,8.671008522224362
5.0,1.0,3.5000000000000018,0.3508025710658899,0.0,107.63719169241958,2.2400597158774587,8.868458512763905
5.0,1.0,3.600000000000002,0.35621185478119916,0.0,107.7829822671993,2.4076586571657517,9.080798739605461
5.0,1.0,3.700000000000002,0.3616436682565441,0.017721385212152496,107.82690073196005,2.582883189380944,9.288942161018705
5.0,1.0,3.800000000000002,0.36708579363435356,0.07753292223877295,107.76582446156112,2.765873733548662,9.450029186488678
5.0,1.0,3.900000000000002,0.37253641698232615,0.17478218253977107,107.61157598263173,2.95672419716965,9.54247777559043
5.0,1.0,4.000000000000002,0.3780027868476783,0.30239544843505783,107.38600438490457,3.1555208099772973,9.583098559722194
5.0,1.0,4.100000000000001,0.3834905890238183,0.4545577818156167,107.10848916892571,3.362363537474598,9.591672421166358
5.0,1.0,4.200000000000001,0.3890023540211131,0.6267706143736942,106.79303668741089,3.5773552115059704,9.579962311617956
5.0,1.0,4.300000000000001,0.394539090430943,0.8154783967922611,106.44857033357594,3.800589647796271,9.554303545328143
5.0,1.0,4.4,0.4001012685955133,1.0179096556623768,106.07938427808976,4.032144566634972,9.51822074462137
5.0,1.0,4.5,0.40568908638949863,1.2319622656757132,105.68595157908487,4.272077101551012,9.473850786724377
5.0,1.0,4.6,0.411302402448628,1.45606516112669,105.26644150097982,4.5204205522806635,9.422643342166223
6.0,1.0,0.0,0.4171782805429886,12.955074509803987,38.522353544494926,1.199394268476628,3.710208748114651
6.0,1.0,0.1,0.41785306031761127,12.140055568849775,41.848455317854956,1.2425846584509954,3.998361109477343
6.0,1.0,0.2,0.4188175359603604,11.336751718752037,45.210527576633694,1.2956254385544825,4.2669791888867525
6.0,1.0,0.30000000000000004,0.42009490890811135,10.614949398636753,48.41159351969312,1.35699687825891,4.504842029345798
6.0,1.0,0.4,0.42168651198344764,10.018955597594012,51.15252665871933,1.424968383339233,4.705848458773034
6.0,1.0,0.5,0.42356128392277204,9.557040090079546,53.20117607968598,1.4980672903803458,4.8741420016654615
6.0,1.0,0.6,0.42566030052421855,9.207831232084324,54.59714189751472,1.5754538495905444,5.01948701385993
6.0,1.0,0.7,0.4279235159721931,8.942950915477887,55.54958749289061,1.656871420004925,5.1501716108412525
6.0,1.0,0.7999999999999999,0.430308545226367,8.742476676362394,56.23907161826792,1.7423640950586177,5.271313234116469
6.0,1.0,0.8999999999999999,0.43278937177937377,8.59466511723408,56.776206496753716,1.8320965181879538,5.385969226559592
6.0,1.0,0.9999999999999999,0.4353501446894816,8.492510927154733,57.22379391705839,1.926288095568736,5.496126658098184
6.0,1.0,1.0999999999999999,0.43798076333337016,8.43154498311535,57.61758544748296,2.025192468246215,5.6032222063836485
6.0,1.0,1.2,0.44067434665481814,8.408751169720759,57.978386211416634,2.1290910538881174,5.708404909010864
6.0,1.0,1.3,0.44342581400566233,8.42208983750807,58.31859392617655,2.2382910402023124,5.812685631619889
6.0,1.0,1.4000000000000001,0.4462310535326412,8.470332201597808,58.64574611999097,2.353125025791291,5.917043233412925
6.0,1.0,1.5000000000000002,0.4490863865496901,8.55306705445095,58.96448981932626,2.4739514742860313,6.022524914310487
6.0,1.0,1.6000000000000003,0.45198816389779956,8.67081761141044,59.27770208887367,2.601155721975706,6.13036974873648
6.0,1.0,1.7000000000000004,0.45493239072983715,8.825235511054165,59.58713729688997,2.735151416648535,6.242192228450967
6.0,1.0,1.8000000000000005,0.4579142972659753,9.019342161229412,59.8937970537843,2.876382194121163,6.360290651645632
6.0,1.0,1.9000000000000006,0.46092776424955473,9.257777364710323,60.19812197992827,3.0253231126233557,6.488211019188499
6.0,1.0,2.0000000000000004,0.463964464699603,9.547006338973992,60.50004326632058,3.182480726315536,6.631833193670328
6.0,1.0,2.1000000000000005,0.46701246837021354,9.895458959678654,60.79887288237205,3.3483893512120657,6.80142203670197
6.0,1.0,2.2000000000000006,0.47005384946092815,10.3136582294299,61.09290529964611,3.5235983003511766,7.014569681759384
6.0,1.0,2.3000000000000007,0.4730608501664711,10.814288086061671,61.37833204810849,3.7086399390523015,7.295485865549762
6.0,1.0,2.400000000000001,0.4759922210094313,11.410326999916082,61.646428645689674,3.903969131907666,7.660541859480844
6.0,1.0,2.500000000000001,0.4787961706897761,12.106250247710252,61.877196276564945,4.109900388108529,8.102118501361653
6.0,1.0,2.600000000000001,0.4814212751441712,12.887894427020337,62.02785822617673,4.326599760084211,8.584049026010472
6.0,1.0,2.700000000000001,0.4838295786657114,13.727605735045222,62.022617919713554,4.554186237796143,9.022063547118734
6.0,1.0,2.800000000000001,0.4860167304176026,14.599818459354326,61.80719726772118,4.79308241825909,9.325331732234034
6.0,1.0,2.9000000000000012,0.4880170396353935,15.490218258189795,61.43561133476722,5.044121379390942,9.537593723289184
6.0,1.0,3.0000000000000013,0.4898528416003017,16.390812967459073,60.97713379894074,5.307596237334003,9.711361804974565
6.0,1.0,3.1000000000000014,0.4915311991926365,17.295630049272265,60.4733674426356,5.583120781662443,9.867730251532885
6.0,1.0,3.2000000000000015,0.493054707977507,18.19962909010671,59.94675014992146,5.86985891145796,10.014295330213429
6.0,1.0,3.3000000000000016,0.4944253703506455,19.097503808550908,59.408823046766116,6.1666684787339925,10.15324125747045
6.0,1.0,3.4000000000000017,0.4956458951432659,19.982510591677347,58.86533115863237,6.4721975094274695,10.284299296468237
6.0,1.0,3.5000000000000018,0.4967203657798692,20.845653053118887,58.319075995404944,6.7849629815568555,10.405853145300643
6.0,1.0,3.600000000000002,0.49765482557674845,21.67564683631344,57.771409229028635,7.103422092258322,10.515245768811363
6.0,1.0,3.700000000000002,0.4984579044890607,22.46036155803484,57.2229827209446,7.426036626674398,10.608511684387086
6.0,1.0,3.800000000000002,0.49914149792417684,23.19012683092368,56.674116657058434,7.751326310479629,10.679365646104264
6.0,1.0,3.900000000000002,0.49972158794008675,23.86163123994442,56.12497964872684,8.07790302731556,10.717894254944671
6.0,1.0,4.000000000000002,0.5002192774835694,24.479461532950218,55.57567852528173,8.40447520333804,10.713218199042474
6.0,1.0,4.100000000000001,0.500660479191659,25.053982191817646,55.026299209012706,8.729825050659112,10.664088537504067
6.0,1.0,4.200000000000001,0.5010709008543082,25.597552031033374,54.476909777912745,9.052800836735026,10.581895959674545
6.0,1.0,4.300000000000001,0.5014698739390506,26.121091329612398,53.927549867201286,9.37234796508961,10.479789120712008
6.0,1.0,4.4,0.5018695039134596,26.632414766070053,53.37823327912724,9.687532330416495,10.366559834372971
6.0,1.0,4.5,0.5022768952043873,27.136514187567574,52.82895767199315,9.997537595472785,10.247220519371819
6.0,1.0,4.6,0.5026961495740562,27.636524882554117,52.279711726123,10.301652245327586,10.124667231391902
6.0,1.0,4.699999999999999,0.5031295234599704,28.13449402108222,51.73047888565408,10.59925661509121,10.000725325971588
6.0,1.0,4.799999999999999,0.5035780303543275,28.631748123975786,51.18123907151325,10.889812480107087,9.876653417098584
6.0,1.0,4.899999999999999,0.5040417762263256,29.128937727068134,50.63196938862576,11.172855362070173,9.753365264284433
6.0,1.0,4.999999999999998,0.5045201931763476,29.625928140652302,50.08264435723406,11.447989271497251,9.631526579636585
6.0,1.0,5.099999999999998,0.5050122464630227,30.12172678323409,49.53323593430585,11.714883492400658,9.511600395083473
6.0,1.0,5.1999999999999975,0.5055166342526232,30.614578895032423,48.98371346471773,11.973270787591375,9.393872311174762
6.0,1.0,5.299999999999997,0.506031969406941,31.10223633234317,48.43404363451118,12.222946153999331,9.278468442418262
6.0,1.0,5.399999999999997,0.5065569258296247,31.582296387545014,47.88419046239045,12.46376521743038,9.165371296489898
6.0,1.0,5.4999999999999964,0.5070903412410059,32.0524924182319,47.3341153537072,12.695641604898428,9.05443562810713
6.0,1.0,5.599999999999996,0.5076312809870768,32.510875864839946,46.78377724387286,12.918543023701146,8.945404643391743
6.0,1.0,5.699999999999996,0.5081790743899187,32.95589239353569,46.233132862614866,13.132486108567996,8.8379258519556
6.0,1.0,5.799999999999995,0.5087333352905435,33.386384990432,45.682137149161996,13.337530280969133,8.731565244686514
6.0,1.0,5.899999999999995,0.5092939754255751,33.80155751077232,45.130743841298255,13.533770919919853,8.62581834780236
6.0,1.0,5.999999999999995,0.5098612162783698,34.20092119427275,44.57890625181667,13.721332127768592,8.520116997023532
6.0,1.0,6.099999999999994,0.5104356031865334,34.58423603028401,44.02657823738456,13.900359329291266,8.413831223564532
6.0,1.0,6.199999999999994,0.5110180245885028,34.9514523705477,43.47371535844701,14.07101188879035,8.306266283870452
6.0,1.0,6.299999999999994,0.5116097388117792,35.30265528265992,42.9202762238791,14.233455877266705,8.196655518197849
6.0,1.0,6.399999999999993,0.512212410310233,35.63801320469172,42.36622400842304,14.387857076399666,8.08415042274464
6.0,1.0,6.499999999999993,0.5128281564840051,35.95773226179347,41.811528120995604,14.534374275290434,7.967810199056579
6.0,1.0,6.5999999999999925,0.5134596049749217,36.26201754466444,41.25616598307592,14.67315290950214,7.846594274349642
6.0,1.0,6.699999999999992,0.5141099594134233,36.55104260701632,40.7001248430918,14.80431912233836,7.719362921145789
6.0,1.0,6.799999999999992,0.5147830687707571,36.82492850806995,40.143403499917284,14.927974407909891,7.584892711935555
6.0,1.0,6.8999999999999915,0.5154834917196698,37.08373398313798,39.58601373555699,15.044191125894633,7.441913459867142
6.0,1.0,6.999999999999991,0.516216543560716,37.327458616137854,39.02798117719009,15.153009321250554,7.289167521503391
6.0,1.0,7.099999999999991,0.516988312290638,37.55606058478353,38.46934526695419,15.25443530463732,7.125473987638662
6.0,1.0,7.19999999999999,0.5178056390020866,37.7694883537308,37.91015810996338,15.348442044893437,6.949742205829981
6.0,1.0,7.29999999999999,0.5186760868615239,37.96771989745851,37.3504823370582,15.434970091886088,6.760822419329218
6.0,1.0,7.39999999999999,0.5196079832249517,38.15079294440012,36.7903888629883,15.513924965435747,6.557027172910049
6.0,1.0,7.499999999999989,0.5206107111865812,38.318798013122645,36.2299564433491,15.585162643621343,6.335161132749894
6.0,2.0,0.0,0.4028512820512842,14.452605731523455,30.02831372549036,1.0248512820512876,3.1735384615384787
6.0,2.0,0.1,0.402565077386616,13.53673054556561,32.590680356121766,1.0358612605451263,3.4782917111513534
6.0,2.0,0.2,0.4024710196827155,12.503572393596357,35.47242223677238,1.057529035416077,3.7872446788855108
6.0,2.0,0.30000000000000004,0.4026184262298513,11.37141155290389,38.61585081262061,1.089954308057516,4.096081015960927
6.0,2.0,0.4,0.40305367702478495,10.208043425217426,41.90833811835348,1.1325455030776375,4.399681659465041
6.0,2.0,0.5,0.40380900397591046,9.117465969440508,45.19105567485022,1.1840221617994078,4.690837534384395
6.0,2.0,0.6,0.4048933462314031,8.188475526190496,48.19716512510599,1.2426738564751656,4.960567631200516
6.0,2.0,0.7,0.4062830346449962,7.4596794409246865,50.548142480198194,1.3067768927752321,5.202127118475753
6.0,2.0,0.7999999999999999,0.40791424375274243,6.921205934137601,52.09017119725092,1.3750835667115946,5.416555932240298
6.0,2.0,0.8999999999999999,0.40970530843788444,6.533961026280094,53.05664813559194,1.4470953254770875,5.610702350210646
6.0,2.0,0.9999999999999999,0.41159537051240846,6.263605920720668,53.71219311503556,1.5228060380138504,5.790916403332379
6.0,2.0,1.0999999999999999,0.4135486353540635,6.088874633476963,54.20788366760345,1.6023980567578424,5.961573438431951
6.0,2.0,1.2,0.4155437278338136,5.996497498678919,54.61933846736954,1.6861318092521074,6.125910806136685
6.0,2.0,1.3,0.4175663794977121,5.977362462220339,54.984748160644166,1.7743169899792,6.286722305095022
6.0,2.0,1.4000000000000001,0.4196056874685,6.024831542746941,55.32413934820278,1.867303757653601,6.44679319571463
6.0,2.0,1.5000000000000002,0.4216521392679743,6.134159987172337,55.648425689926135,1.9654790407652611,6.609273189327948
6.0,2.0,1.6000000000000003,0.42369636708178493,6.302349441840376,55.96374790184053,2.06926481883087,6.778161312535381
6.0,2.0,1.7000000000000004,0.42572809408225304,6.528126632393946,56.27363420407406,2.1791171182791365,6.9591260880152115
6.0,2.0,1.8000000000000005,0.42773490307796114,6.81193941770537,56.58010977816286,2.295523927158558,7.161097573695907
6.0,2.0,1.9000000000000006,0.4297003763910381,7.155927838648587,56.88426276721251,2.4189982571423494,7.3995801905537375
6.0,2.0,2.0000000000000004,0.4316007781648812,7.56369003553315,57.18647404016067,2.5500567807582373,7.702930894901816
6.0,2.0,2.1000000000000005,0.4333989322402018,8.038906567733385,57.486287158908844,2.68915711645937,8.115026852991145
6.0,2.0,2.2000000000000006,0.4350370354516712,8.579821472308238,57.78143550619857,2.8365415846650097,8.662000313453891
6.0,2.0,2.3000000000000007,0.43644499304056683,9.170468162173513,58.06439597606332,2.992048808162896,9.312024834013076
6.0,2.0,2.400000000000001,0.4375675088999552,9.785623049940428,58.312813808298614,3.155193608838888,10.003874298249457
6.0,2.0,2.500000000000001,0.4383767895462472,10.404916072264056,58.46989888644995,3.32553419330485,10.672735540340874
6.0,2.0,2.600000000000001,0.43886993740122776,11.020206479534009,58.438346384603534,3.5031280206998767,11.197213717492296
6.0,2.0,2.700000000000001,0.43908826197802964,11.646474686751583,58.19398341355661,3.6894156313269795,11.530426427144832
6.0,2.0,2.800000000000001,0.43908980506322953,12.313530310829082,57.815638033262566,3.8866528142820793,11.790137378628573
6.0,2.0,2.9000000000000012,0.4388861915402215,13.036677348035623,57.357689392745456,4.096074232885708,12.02231911174056
6.0,2.0,3.0000000000000013,0.43847290465329725,13.818389113108354,56.85287003980459,4.318304980307208,12.242678619627219
6.0,2.0,3.1000000000000014,0.437841676544289,14.649500062597717,56.32069401752199,4.553537246925494,12.457201334958766
6.0,2.0,3.2000000000000015,0.43698471372388215,15.512740844206565,55.772173319945836,4.801555411477607,12.667476938101618
6.0,2.0,3.3000000000000016,0.43589667537351384,16.387920930750592,55.21306287188483,5.061754638297505,12.872288875362345
6.0,2.0,3.4000000000000017,0.434575682171447,17.254847349832293,54.64603322506977,5.3331912263551216,13.067905452917445
6.0,2.0,3.5000000000000018,0.4330240997098136,18.09363454553355,54.07206393059107,5.614659076016886,13.247367826236065
6.0,2.0,3.600000000000002,0.43124979036223343,18.885325479624715,53.49137492415984,5.904778284283992,13.398616027413636
6.0,2.0,3.700000000000002,0.42926829688538753,19.61538774381661,52.904200906305185,6.202084666949137,13.505427630918192
6.0,2.0,3.800000000000002,0.4271043725920976,20.27955097021977,52.31148363180176,6.505095032466921,13.561997891918201
6.0,2.0,3.900000000000002,0.4247863632007956,20.887257776880695,51.714805493342226,6.812321111388848,13.582155666995348
6.0,2.0,4.000000000000002,0.42233581960934713,21.45628020152988,51.11549410228784,7.122296641524783,13.582154521500133
6.0,2.0,4.100000000000001,0.41976520784316074,22.002872565058983,50.514303296229485,7.433647224969199,13.571298875846106
6.0,2.0,4.200000000000001,0.4170809930471643,22.537614969639257,49.9116189317641,7.745132997421948,13.554104796213467
6.0,2.0,4.300000000000001,0.4142863382466445,23.066283931286726,49.307640938365815,8.055657896280204,13.532978582879581
6.0,2.0,4.4,0.41138255850047406,23.591730424827567,48.702465747629255,8.364265176104045,13.509442563271532
6.0,2.0,4.5,0.4083698328203513,24.115233575137758,48.09611945444461,8.670127660762315,13.484574605654407
6.0,2.0,4.6,0.4052475741675087,24.63725366312407,47.48857371830514,8.972535353230176,13.459158460728085
6.0,2.0,4.699999999999999,0.40201465185969026,25.157803377180446,46.879756318666644,9.270881812574748,13.433744784016994
6.0,2.0,4.799999999999999,0.398669548392378,25.676614031515275,46.26955980371578,9.56465044532054,13.40868783781124
6.0,2.0,4.899999999999999,0.39521048394542924,26.193199988180208,45.65784899727016,9.853401589680319,13.384175835740079
6.0,2.0,4.999999999999998,0.3916355222241075,26.706877549677394,45.04446749369109,10.136760958623366,13.360258646935629
6.0,2.0,5.099999999999998,0.3879426633590821,27.216771493868684,44.429243217612516,10.414409723064507,13.336872894426723
6.0,2.0,5.1999999999999975,0.3841299259573886,27.721833067113593,43.81199319327063,10.686076289827954,13.313863875280806
6.0,2.0,5.299999999999997,0.3801954181118986,28.220888939904572,43.19252773677613,10.951529657272758,13.291003893169043
6.0,2.0,5.399999999999997,0.376137395312373,28.71273393837439,42.570654330963556,11.210574101749517,13.268006870919782
6.0,2.0,5.4999999999999964,0.37195430195709067,29.19626575891763,41.94618146198995,11.463044854631402,13.244539354665875
6.0,2.0,5.599999999999996,0.367644793416031,29.670637440941388,41.318922681112355,11.708804381956293,13.22022824450864
6.0,2.0,5.699999999999996,0.3632077381907023,30.135382724257624,40.688701092527126,11.94773889716854,13.19466583484596
6.0,2.0,5.799999999999995,0.3586422044080479,30.59046621761486,40.05535435722482,12.179754833889941,13.167413033676493
6.0,2.0,5.899999999999995,0.353947439718059,31.03623266365177,39.41874016278189,12.404775159517094,13.138001898185609
6.0,2.0,5.999999999999995,0.34912285585610753,31.47326673785665,38.77874197332451,12.622735567253313,13.105938756462864
6.0,2.0,6.099999999999994,0.34416802717594264,31.902204330363915,38.13527476819923,12.833580687881984,13.070709063632945
6.0,2.0,6.199999999999994,0.33908270736634977,32.323544165145094,37.48829040688734,13.037260492695207,13.031784726653953
6.0,2.0,6.299999999999994,0.3338668628548055,32.73749927916621,36.83778221570007,13.233727033441994,12.98863401825518
6.0,2.0,6.399999999999993,0.32852071704464786,33.14391497120723,36.183788379473796,13.422931611245296,12.940733593664984
6.0,2.0,6.499999999999993,0.32304479690417065,33.542271768294825,35.52639374418546,13.604822396729643,12.887581760556246
6.0,2.0,6.5999999999999925,0.3174399718777846,33.93178532358697,34.86572968451266,13.779342439865184,12.8287121873171
6.0,2.0,6.699999999999992,0.31170747426294065,34.31159819231491,34.20197172529933,13.946427924749576,12.763707663607178
6.0,2.0,6.799999999999992,0.3058488909780063,34.68102312782193,33.53533457429599,14.106006488585992,12.69221420240239
6.0,2.0,6.8999999999999915,0.2998661208202638,35.03975571322477,32.86606410266561,14.25799550444923,12.61395650154044
6.0,2.0,6.999999999999991,0.29376129949076113,35.38796007512457,32.194425654262524,14.402300459569807,12.528756454052786
6.0,2.0,7.099999999999991,0.2875367039145739,35.72617259345992,31.520687995405837,14.538813879821229,12.43655710177765
6.0,2.0,7.19999999999999,0.2811946519166879,36.05504711573668,30.845102319482546,14.66741550561227,12.337455627208934
6.0,2.0,7.29999999999999,0.2747374090434254,36.375027076901645,30.167875921915275,14.787974513206121,12.231751806696579
6.0,2.0,7.39999999999999,0.26816710227321966,36.68604113909291,29.489140183627363,14.900354585567868,12.120025024749548
6.0,2.0,7.499999999999989,0.26148562394460506,36.98729614135343,28.80891187302402,15.00442284342926,12.00326687732528
7.0,1.0,0.0,0.3767948717948737,15.648230769230851,16.712276018099637,0.1113529411764711,1.095889894419312
7.0,1.0,0.1,0.3775906423411411,15.832209276120052,17.193507242621248,0.12427000367927273,1.092382018834733
7.0,1.0,0.2,0.37842172069927604,16.055937849060832,17.741798357890858,0.13832658348212087,1.0898396186070103
7.0,1.0,0.30000000000000004,0.3792891853431627,16.32539725390989,18.368928300237478,0.1536698112668658,1.088472105013649
7.0,1.0,0.4,0.3801943045097563,16.646749234282268,19.089245914028023,0.1704702428376069,1.088555573771722
7.0,1.0,0.5,0.38113870666178645,17.025807080422762,19.920003737036723,0.18892654093341282,1.0904632161703862
7.0,1.0,0.6,0.38212463694609233,17.467513283134775,20.88140100733072,0.20927096183723698,1.0947133049825835
7.0,1.0,0.7,0.38315526975501313,17.975790981869203,21.99594630536486,0.23177569359955458,1.1020464470735662
7.0,1.0,0.7999999999999999,0.3842349633495206,18.554010221740636,23.286582744910095,0.2567599839849252,1.1135514943194487
7.0,1.0,0.8999999999999999,0.3853692539088792,19.205897723735134,24.77309273724724,0.28459766769310213,1.1308706955290475
7.0,1.0,0.9999999999999999,0.3865643473650197,19.93646864943301,26.46687665205229,0.3157243915873318,1.1565266801578027
7.0,1.0,1.0999999999999999,0.38782590061918637,20.752644971483747,28.36509122931638,0.3506443773658597,1.1944096152907948
7.0,1.0,1.2,0.389156983332924,21.663239421785267,30.44571410333461,0.38993846685837086,1.2503788041665251
7.0,1.0,1.3,0.3905553005454694,22.67775532595004,32.66567143443288,0.4342771231231609,1.3326143162228363
7.0,1.0,1.4000000000000001,0.3920101773758154,23.803624649338634,34.964956464255266,0.48444045491695453,1.4506903043075687
7.0,1.0,1.5000000000000002,0.3935005917582607,25.043136588258164,37.27832557649039,0.5413360748705559,1.6120793819893717
7.0,1.0,1.6000000000000003,0.3949961400854298,26.39419313911629,39.5531710875145,0.6059836323653675,1.8171391803862156
7.0,1.0,1.7000000000000004,0.39646173517175853,27.860039399796896,41.760021785698626,0.6794365828050014,2.0577297274252597
7.0,1.0,1.8000000000000005,0.39786268801909985,29.466546376279876,43.859375461053915,0.762665881321107,2.3219918366065957
7.0,1.0,1.9000000000000006,0.3991626398082968,31.24011460873089,45.74828062738545,0.8564292715415553,2.599795252846374
7.0,1.0,2.0000000000000004,0.4003171416600035,33.150699350624784,47.28918795031382,0.9611103375111445,2.8845061264853538
7.0,1.0,2.1000000000000005,0.4012760294440698,35.15320652559025,48.38074177721713,1.0766355381660695,3.1723265538290297
7.0,1.0,2.2000000000000006,0.4019870172756409,37.19714638813605,49.0273836930349,1.2025263359804663,3.4612477618108715
7.0,1.0,2.3000000000000007,0.4024047352703147,39.228777424600246,49.36640330561654,1.3381059555365662,3.750376179088202
7.0,1.0,2.400000000000001,0.4025023116166708,41.187472829528105,49.54126066242335,1.4828112747181725,4.03944235155604
7.0,1.0,2.500000000000001,0.4022726196511156,43.00934307273703,49.62027855208119,1.6363032932857502,4.32845869283739
7.0,1.0,2.600000000000001,0.40172205701233044,44.6431089857792,49.61027979097464,1.7983983233708973,4.61761444262444
7.0,1.0,2.700000000000001,0.40086353420295173,46.062560936171494,49.49043743958326,1.9689742032000281,4.907297583897199
7.0,1.0,2.800000000000001,0.39971087466950683,47.275114689580214,49.24178226005542,2.147901526323806,5.198126141723197
7.0,1.0,2.9000000000000012,0.39827478258056187,48.32163555111441,48.861949114890216,2.335005164832934,5.490922192592352
7.0,1.0,3.0000000000000013,0.396560201560641,49.2572742365176,48.369581252453436,2.530041847601432,5.786637062616288
7.0,1.0,3.1000000000000014,0.39456643296143484,50.11595259425488,47.79513146271979,2.732703320601029,6.0862829610630484
7.0,1.0,3.2000000000000015,0.39229070005210764,50.903885334839664,47.163718038712,2.9426526689622006,6.390949765115739
7.0,1.0,3.3000000000000016,0.38973094362449906,51.62387504893551,46.48877460256188,3.159548710148034,6.701945464707591
7.0,1.0,3.4000000000000017,0.38688512835459,52.28690724490267,45.77504732728096,3.3830334767597012,7.021057379155135
7.0,1.0,3.5000000000000018,0.38374933352921686,52.89997258641924,45.0226564767206,3.6127150538428983,7.350994613860939
7.0,1.0,3.600000000000002,0.380317396597914,53.46097860186815,44.229671509712546,3.8481918648116302,7.696178604768859
7.0,1.0,3.700000000000002,0.37658099681214985,53.96754300985743,43.39334898259249,4.089117352297357,8.064162144425973
7.0,1.0,3.800000000000002,0.37252819935480896,54.4194759222881,42.51030393433491,4.335290153330492,8.467983105079451
7.0,1.0,3.900000000000002,0.3681406676645043,54.80860654017514,41.57598299803403,4.586792783069128,8.929113591682517
7.0,2.0,0.0,0.3701864253393684,14.041541176470664,12.08847873303174,0.171401809954752,0.2916018099547527
7.0,2.0,0.1,0.3710346582478896,13.818714096583701,12.899690793301321,0.16796443228498426,0.276933598871047
7.0,2.0,0.2,0.37199986373480143,13.599677993868301,13.844224156903895,0.16548046559596122,0.2625761055889592
7.0,2.0,0.30000000000000004,0.3730952725322819,13.393745492949096,14.956260049253974,0.16414218811420345,0.24867976653780616
7.0,2.0,0.4,0.3743361720209271,13.212639950987795,16.28256204482305,0.16418921032637207,0.23547926911661338
7.0,2.0,0.5,0.3757407219267983,13.070436573338245,17.885527639899102,0.16592542751537737,0.2233604162995035
7.0,2.0,0.6,0.37733105006234396,12.98329382557097,19.841759158331836,0.16974012494513024,0.21299818334782447
7.0,2.0,0.7,0.3791342606875194,12.969067535463335,22.226151909529865,0.17612874438017226,0.20565776327738355
7.0,2.0,0.7999999999999999,0.3811820563039102,13.046644840161973,25.070185713351492,0.1856995569652333,0.20387175910079441
7.0,2.0,0.8999999999999999,0.38350652893929715,13.231421409483675,28.311331010528228,0.19914534306119921,0.21291816942905226
7.0,2.0,0.9999999999999999,0.3861312301424557,13.520455299850392,31.79582624075316,0.2171852477947883,0.24349697148932348
7.0,2.0,1.0999999999999999,0.38906269852003444,13.888404267954,35.339166306544904,0.24055021648545452,0.3139120327606379
7.0,2.0,1.2,0.3922864522148397,14.309571548896672,38.771164839760885,0.2700834103546639,0.443890141504497
7.0,2.0,1.3,0.3957668103777603,14.767427974491397,41.973441771601976,0.30685898010208307,0.6368741053230447
7.0,2.0,1.4000000000000001,0.3994570410397977,15.251430540134145,44.92178743496533,0.3521039706563814,0.8759114400999342
7.0,2.0,1.5000000000000002,0.4033161412664914,15.756469416653188,47.66811755692248,0.40701721938920254,1.140860481211157
7.0,2.0,1.6000000000000003,0.4073167708736832,16.284574802461105,50.25797035796931,0.4727400601156651,1.4186142148037693
7.0,2.0,1.7000000000000004,0.41144095413455334,16.846231254218914,52.660913971969336,0.5503910108340071,1.7018857149123598
7.0,2.0,1.8000000000000005,0.41566957376632424,17.458327265053168,54.766307968545995,0.6410172212411848,1.9860854232404015
7.0,2.0,1.9000000000000006,0.4199727848774673,18.14031899591224,56.45219162791105,0.7454798481758678,2.2675308188597936
7.0,2.0,2.0000000000000004,0.4243078457239085,18.922113116133158,57.63893316513586,0.8643829592177905,2.5428305199595433
7.0,2.0,2.1000000000000005,0.42862117909135994,19.84194365267759,58.361948081148604,0.9980804271527741,2.8089313772132436
7.0,2.0,2.2000000000000006,0.4328576549827037,20.913881638122298,58.79321173850838,1.1467981801560594,3.063242718937481
7.0,2.0,2.3000000000000007,0.4369764815253074,22.133217167906334,59.07884284960974,1.310789187190089,3.303351614541894
7.0,2.0,2.400000000000001,0.44095164013313926,23.491329881727683,59.28707828948251,1.4902941713283688,3.527042081174406
7.0,2.0,2.500000000000001,0.444765387343769,24.992362061179364,59.44693188072098,1.685435918200513,3.732777001132611
7.0,2.0,2.600000000000001,0.44840274889516885,26.640552695601823,59.57011325415291,1.8961684762410318,3.920108710169992
7.0,2.0,2.700000000000001,0.45184947445362794,28.426273960663146,59.65186239972921,2.122245597436513,4.089811012313221
7.0,2.0,2.800000000000001,0.4550918229594954,30.33384769647039,59.66672643943035,2.36318918411137,4.243745076620444
7.0,2.0,2.9000000000000012,0.4581149518135814,32.34001326526208,59.57293053605675,2.6182561011409877,4.3845321976652505
7.0,2.0,3.0000000000000013,0.46090201015742605,34.40211416366354,59.337970279635485,2.8864105333369925,4.515165507771332
7.0,2.0,3.1000000000000014,0.4634372344515816,36.459502586188854,58.96834093348134,3.1663592151743263,4.638622682662744
7.0,2.0,3.2000000000000015,0.46571170412637636,38.45162220230267,58.505889406629024,3.4566827404657348,4.757537333691242
7.0,2.0,3.3000000000000016,0.46772658198536204,40.34011903222414,57.99429521822252,3.7559849184690806,4.874036812004345
7.0,2.0,3.4000000000000017,0.46949061285142174,42.11273273527888,57.46008039345026,4.062949246236037,4.989768323360495
7.0,2.0,3.5000000000000018,0.4710154699255418,43.7627238415756,56.91544485867734,4.376314766857835,5.10599677709612
7.0,2.0,3.600000000000002,0.47231393789510934,45.2862852413496,56.36500148273111,4.694863340685288,5.223690311372383
7.0,2.0,3.700000000000002,0.4733989967064978,46.69791148400039,55.80968853779591,5.01742094443496,5.34358698813122
7.0,2.0,3.800000000000002,0.4742813398173975,48.02469954346011,55.24833157574213,5.34283015982185,5.466274147586429
7.0,2.0,3.900000000000002,0.4749677177288937,49.28982849558268,54.677987213319355,5.669925932145393,5.59232078772728
8.0,1.0,0.0,0.2759595776772262,12.090289592760245,13.568873303167496,0.2046033182503781,0.0
8.0,1.0,0.1,0.27334686752560156,10.380319089765235,15.626334444295479,0.1330851320829805,0.24228211708363212
8.0,1.0,0.2,0.2710419507276963,8.64157705502467,17.958429672210354,0.07957084406109936,0.4911847457008296
8.0,1.0,0.30000000000000004,0.2690901003013487,6.880655126934004,20.718171329403656,0.0454840357317646,0.7425456363020884
8.0,1.0,0.4,0.2675575237814477,5.091415463680761,24.06984845168391,0.03236694273439647,0.991741739583577
8.0,1.0,0.5,0.2665359626278852,3.2646404036115366,28.073543429247042,0.041667308857816346,1.2321809713466836
8.0,1.0,0.6,0.26613303171646746,1.4210813131706064,32.702094328204815,0.07399344874755623,1.455121976022407
8.0,1.0,0.7,0.2664596562539234,0.0,38.03767155738117,0.12848328669939524,1.6522433271720716
8.0,1.0,0.7999999999999999,0.26758992058151176,0.0,44.01623644902539,0.20332044801822668,1.8190014684624898
8.0,1.0,0.8999999999999999,0.2694639474170409,0.0,50.34006789607121,0.2975423889215796,1.9578046554158806
8.0,1.0,0.9999999999999999,0.27216561664069555,0.0,56.8076521707081,0.40911851060287546,2.077735844371488
8.0,1.0,1.0999999999999999,0.27575258820271364,0.0,63.392270557151704,0.5358576433197968,2.186577356949804
8.0,1.0,1.2,0.28027759177300016,0.0,70.22650648340276,0.6756461100768243,2.2894444086736603
8.0,1.0,1.3,0.28581008963285803,0.0,77.30175803822338,0.8264017229061595,2.389646094754987
8.0,1.0,1.4000000000000001,0.2924179055787576,0.0,84.46837495939964,0.9858973231260539,2.489704253976098
8.0,1.0,1.5000000000000002,0.30014693301732376,0.0,91.67204448082836,1.1518701554193942,2.5919084064110414
8.0,1.0,1.6000000000000003,0.30903255202547153,0.0,98.87832004882674,1.3221941850201546,2.698689919245298
8.0,1.0,1.7000000000000004,0.3191013560049907,0.0,105.95802411045078,1.495022722980059,2.812910401477045
8.0,1.0,1.8000000000000005,0.3303572243355232,0.08517381385731349,112.48410981790376,1.6690636428015244,2.937858869141745
8.0,1.0,1.9000000000000006,0.3427274226351807,0.2541531421239408,118.19027531150614,1.8445618357076297,3.0765856474537925
8.0,1.0,2.0000000000000004,0.35609780825571713,0.4980926964398903,123.16971676575683,2.022971581862982,3.2310767156527906
8.0,1.0,2.1000000000000005,0.3703648057080891,0.8096488284228402,127.43806189061151,2.2065431483985734,3.4017426604804912
8.0,1.0,2.2000000000000006,0.3854263307977336,1.1773559374340725,130.9749854555196,2.3983657882255054,3.586547384789075
8.0,1.0,2.3000000000000007,0.40117932261619177,1.5865650205796786,133.68189938905763,2.602356750606621,3.7806748769381846
8.0,1.0,2.400000000000001,0.4175116114206316,2.0297119265861925,135.45589196562696,2.8232772697030204,3.9774654854698164
8.0,1.0,2.500000000000001,0.4343017219307222,2.5136796442937586,136.39443274650534,3.066684386099186,4.1711129675045555
8.0,1.0,2.600000000000001,0.45144298977082387,3.0715260834526976,136.87231493776147,3.3387081214100065,4.359573897727076
8.0,1.0,2.700000000000001,0.46887417014176797,3.7524755161651995,137.1564015149019,3.6457943301793665,4.545017924404623
8.0,1.0,2.800000000000001,0.48656120347220866,4.573892716668574,137.3113672856383,3.9947564280907497,4.73175500882019
8.0,1.0,2.9000000000000012,0.5044747758614309,5.519227448379361,137.29730487667177,4.392784207957607,4.91892275571053
8.0,1.0,3.0000000000000013,0.5225839737840596,6.549585214351545,137.05081957499235,4.847283012216877,5.053267390485617
8.0,1.0,3.1000000000000014,0.5408793125407932,7.63269435735437,136.63251330966062,5.3646508241821955,5.034221559777064
8.0,1.0,3.2000000000000015,0.5594099968375384,8.75194905494217,136.1253828222174,5.948478620265668,4.950120031800406
8.0,1.0,3.3000000000000016,0.578203455083518,9.893566487771707,135.58385079782127,6.602658690043225,4.8545964375907085
8.0,1.0,3.4000000000000017,0.5972739313208065,11.046392667109183,135.02472988798306,7.330356601249395,4.760493768714784
8.0,1.0,3.5000000000000018,0.6166340624502291,12.20652595702582,134.43315279241165,8.132200595687603,4.671106828098021
8.0,1.0,3.600000000000002,0.6362934452627754,13.377552746438345,133.76855750022685,9.004763066672178,4.588183239655011
8.0,1.0,3.700000000000002,0.6562543274742616,14.568778596121174,133.01902622156214,9.93953475163636,4.512693501510456
8.0,1.0,3.800000000000002,0.6765136095577556,15.788283474174458,132.22696549116617,10.923060883595344,4.444204029736233
8.0,1.0,3.900000000000002,0.6970691066928053,17.03382596876298,131.42264377383594,11.93872146526811,4.381445936590882
8.0,1.0,4.000000000000002,0.7179192589512439,18.29589309011712,130.61547174911476,12.9695889281918,4.323505359763938
8.0,1.0,4.100000000000001,0.7390614361168665,19.566648178387315,129.80767353645837,14.00107304428295,4.270278180912119
8.0,1.0,4.200000000000001,0.7604909231890221,20.84206758176398,128.99973859203257,15.022535696326328,4.222123012271328
8.0,1.0,4.300000000000001,0.7822007297076772,22.12040692272655,128.19177519154024,16.027654500419896,4.1794810741180495
8.0,1.0,4.4,0.8041820252575892,23.400922653226324,127.38380852541404,17.013755829441823,4.14300655458987
8.0,1.0,4.5,0.8264245864904611,24.6833911905004,126.57584502784295,17.980650253431893,4.114049323435183
8.0,1.0,4.6,0.8489168344211122,25.968143238988628,125.7678864979283,18.92950919074159,4.095048497374246
8.0,1.0,4.699999999999999,0.8716454358735436,27.2562129745653,124.95993330498337,19.862059082690518,4.089522347091079
8.0,1.0,4.799999999999999,0.8945947337088322,28.548886919924048,124.15198517309432,20.78011203462584,4.101451745058028
8.0,1.0,4.899999999999999,0.9177464893100619,29.84610690575392,123.34404144610794,21.685339527958252,4.13423259752263
8.0,1.0,4.999999999999998,0.9410803769520303,31.14517534813029,122.53610125657323,22.579190919862626,4.190137093639122
9.0,1.0,0.0,0.4074934281404891,6.460574014221106,22.555159448394864,0.0,6.151344537815159
9.0,1.0,0.1,0.40880489326190755,6.998378070321297,20.305085066277822,0.29482680333889727,6.448411047184757
9.0,1.0,0.2,0.40978864707765295,7.480472537861485,17.64278743294887,0.6005878214262581,6.734070177364304
9.0,1.0,0.30000000000000004,0.4104164475187489,7.899336869591982,14.483077268319011,0.9161834023958454,7.010710030596707
9.0,1.0,0.4,0.4106525201102169,8.269179278105922,10.80237862440087,1.24063400155809,7.280726327483152
9.0,1.0,0.5,0.4104553001844005,8.608435639218085,6.636424441840961,1.5730687933974625,7.546550724860844
9.0,1.0,0.6,0.4097809415884409,8.930553063421371,1.9719255875802437,1.9127235728403416,7.810645760447522
9.0,1.0,0.7,0.40857940027629563,9.243498710650048,0.0,2.2589139994255802,8.074920705869364
9.0,1.0,0.7999999999999999,0.4070547623427815,9.550499978552274,0.0,2.6118106103018865,8.347947168593864
9.0,1.0,0.8999999999999999,0.4053575597251863,9.854520698259464,0.0,2.9714897874557518,8.633210803461726
9.0,1.0,0.9999999999999999,0.4034805262302192,10.157385116808063,0.0,3.3376004148512766,8.928503679323793
9.0,1.0,1.0999999999999999,0.40141686520733627,10.459828185841236,0.0,3.709768260410704,9.231725905095606
9.0,1.0,1.2,0.3991603613164969,10.762134068918515,0.0,4.087613667824651,9.541034695469603
9.0,1.0,1.3,0.39670536689705294,11.064406981022657,0.0,4.470767693983039,9.854837672916803
9.0,1.0,1.4000000000000001,0.3940467581683417,11.366681020358257,0.0,4.858885102281745,10.171692387608717
9.0,1.0,1.5000000000000002,0.3911799154158184,11.668963021686865,0.0,5.251654267766298,10.49019140905192
9.0,1.0,1.6000000000000003,0.38810074299386565,11.97124788721202,0.0,5.648805087354933,10.808898913832023
9.0,1.0,1.7000000000000004,0.3848057146295102,12.273521723156263,0.0,6.050116324037742,11.126377437978148
9.0,1.0,1.8000000000000005,0.38129191003242646,12.575757305619337,0.0,6.455423701455747,11.441255417529673
9.0,1.0,1.9000000000000006,0.3775570254607995,12.877900216943488,0.0,6.864629484911989,11.751601029985906
9.0,1.0,2.0000000000000004,0.37359964931025236,13.179837535804433,0.0,7.277710353630187,12.049250492314183
9.0,1.0,2.1000000000000005,0.3694219744996328,13.48133056972264,0.0,7.694698267831495,12.307397565859363
9.0,1.0,2.2000000000000006,0.36503801560945554,13.781876793570296,0.0,8.115598589306593,12.517679347092859
9.0,1.0,2.3000000000000007,0.3604661781883692,14.080419374455888,0.0,8.540491020673057,12.70880860438118
9.0,1.0,2.400000000000001,0.355713268772974,14.37473084923238,0.0,8.969731301820675,12.897128930857306
9.0,1.0,2.500000000000001,0.3507795288518495,14.660270553072305,0.0,9.40392128662008,13.087605062927933
9.0,1.0,2.600000000000001,0.34566364326367205,14.928592149143737,0.0,9.84389957764723,13.28144588027478
9.0,1.0,2.700000000000001,0.3403647798885212,15.166930751564392,0.0,10.290786490683628,13.47843440992196
9.0,1.0,2.800000000000001,0.3348837208003427,15.36310620072814,0.0,10.7460595285101,13.677219145860736
9.0,1.0,2.9000000000000012,0.3292233570042448,15.515495321236328,0.0,11.211650342812158,13.875294714065623
9.0,1.0,3.0000000000000013,0.3233881110611545,15.635759299113213,0.0,11.690061063693713,14.069109235104246
9.0,1.0,3.1000000000000014,0.31738302585681316,15.741540682541105,0.0,12.184498587720288,14.254116312772334
9.0,1.0,3.2000000000000015,0.3112136562694247,15.854854464763593,0.0,12.699018288516246,14.424708678178916
9.0,1.0,3.3000000000000016,0.30488619376522885,16.015148632072336,0.0,13.238656467108152,14.574252799218096
9.0,1.0,3.4000000000000017,0.298406153300805,16.286894548191768,0.0,13.809526196245411,14.695458001777695
9.0,1.0,3.5000000000000018,0.29177606832524056,16.68927247230009,0.0,14.418860468437266,14.78115648178145
9.0,1.0,3.600000000000002,0.2850006112551381,17.15913956066939,0.0,15.074916915241031,14.826008561040355
9.0,1.0,3.700000000000002,0.2780950281897221,17.648465888081162,0.0,15.786567058846986,14.827971733925214
9.0,1.0,3.800000000000002,0.2710821544689896,18.1446499219631,0.0,16.562539097870296,14.786867720888885
9.0,1.0,3.900000000000002,0.2639877705184622,18.65819019336851,0.0,17.41015403712434,14.702166827147959
9.0,1.0,4.000000000000002,0.2568382023951151,19.249583784373296,0.0,18.33336421664013,14.571882617622594
9.0,1.0,4.100000000000001,0.24965535039732833,20.02900807511119,0.0,19.33047443045804,14.39241271675035
9.0,1.0,4.200000000000001,0.24245163896998034,20.938906847322936,0.0,20.39308467791771,14.159611475134424
9.0,1.0,4.300000000000001,0.23524743330281297,21.856455459200873,0.0,21.5078844301433,13.872498301456156
9.0,1.0,4.4,0.2280755792589474,22.706629495528183,0.0,22.660987972084932,13.534210912869986
9.0,1.0,4.5,0.22097386299868857,23.433354609890497,0.0,23.83979594139425,13.150478278768103
9.0,1.0,4.6,0.21398149474906153,24.07207005841176,0.0,25.032270779933523,12.728206150924741
9.0,1.0,4.699999999999999,0.2071289561923479,24.69427751861398,0.0,26.226678850258722,12.27407743288355
10.0,1.0,0.0,0.3642823529411784,14.219257013574737,19.6707113122173,0.129211764705883,0.3195212669683275
10.0,1.0,0.1,0.368402319669383,15.163340022801137,20.592837286557412,0.18762809308519707,0.30493139146031795
10.0,1.0,0.2,0.3725658323055044,16.210047222759968,21.533521852316365,0.2491521993312156,0.2904074065737448
10.0,1.0,0.30000000000000004,0.37676186970192055,17.397072069476074,22.482423810433957,0.3139354734660305,0.27598049093697985
10.0,1.0,0.4,0.38097342514824306,18.77459710913429,23.428990164003096,0.3821111641075506,0.26167311555078043
10.0,1.0,0.5,0.38517578007158043,20.383056568948128,24.36283313247902,0.4537798065743622,0.24749000268405852
10.0,1.0,0.6,0.3893376847585415,22.223235384084813,25.274000951533594,0.5289938372899468,0.23341314320049522
10.0,1.0,0.7,0.3934264926206595,24.248109023056422,26.15289782253567,0.607751588849648,0.21940563367829566
10.0,1.0,0.7999999999999999,0.39741444191893727,26.38627885846679,26.989563452730987,0.6900071029887199,0.20542250527041023
10.0,1.0,0.8999999999999999,0.4012819144435989,28.57942521457614,27.772694234042063,0.7756887343172448,0.1914209147889877
10.0,1.0,0.9999999999999999,0.40501578509179975,30.79553968016416,28.489071266240153,0.8647101970155563,0.17736383913838916
10.0,1.0,1.0999999999999999,0.4086059795548147,33.022012816467864,29.123679104182393,0.9569704313959644,0.16322025665608658
10.0,1.0,1.2,0.41204288743871076,35.258566626240004,29.659997796472474,1.052348577826792,0.1489661288113264
10.0,1.0,1.3,0.41531568141100117,37.51377087860116,30.080252131998417,1.1506970842974864,0.13458699150212733
10.0,1.0,1.4000000000000001,0.4184110926828239,39.79932513992233,30.36660914655564,1.2518334902188684,0.12008179944242738
10.0,1.0,1.5000000000000002,0.4213130049193792,42.11927487328578,30.50440109007832,1.3555350337875964,0.10546806640041387
10.0,1.0,1.6000000000000003,0.42400365904912957,44.46536516545123,30.486744292528694,1.4615439813184183,0.09078706379131796
10.0,1.0,1.7000000000000004,0.42646578868813506,46.82543869397638,30.317691460629202,1.5695835241907201,0.0761048380329883
10.0,1.0,1.8000000000000005,0.42868393014158257,49.19132395574924,30.011172634865563,1.6793733547229215,0.06150558333904346
10.0,1.0,1.9000000000000006,0.43064465782953326,51.558641617884525,29.58661617045003,1.7906384964199944,0.04707881411577567
10.0,1.0,2.0000000000000004,0.43233650891386066,53.92380806173259,29.064461755706258,1.9031124597723317,0.03290499784335021
10.0,1.0,2.1000000000000005,0.43374994100970543,56.282929243276726,28.463329619888796,2.0165367284664484,0.019043965978482767
10.0,1.0,2.2000000000000006,0.4348772175748265,58.63267917722529,27.79871936875709,2.1306572255976537,0.005528103887920114
10.0,1.0,2.3000000000000007,0.43571209596346294,60.971257032637155,27.08266659793097,2.245218061631157,0.0
10.0,1.0,2.400000000000001,0.4362460050078566,63.3002847345034,26.317731997673942,2.3601724530666717,0.0
10.0,1.0,2.500000000000001,0.4364713802343321,65.62039258937249,25.50595047630091,2.475382594742545,0.0
10.0,1.0,2.600000000000001,0.43638309473838616,67.92629854410731,24.65153885393836,2.590525553765152,0.0
10.0,1.0,2.700000000000001,0.4359768725279243,70.20379235841747,23.756713589052644,2.705253320783149,0.0
10.0,1.0,2.800000000000001,0.43525015799712446,72.42998354854836,22.821990406262337,2.819197024712229,0.0
10.0,1.0,2.9000000000000012,0.43420295627510364,74.58123567912138,21.846351176875185,2.9319738989714317,0.0
10.0,1.0,3.0000000000000013,0.43283776388247847,76.64042017601732,20.827237116181504,3.043190425532287,0.0
10.0,1.0,3.1000000000000014,0.4311586839970262,78.5963513478347,19.760343276988376,3.1524404468722356,0.0
10.0,1.0,3.2000000000000015,0.4291706115934245,80.44197578233037,18.63922780282228,3.259303393597368,0.0
10.0,1.0,3.3000000000000016,0.4268786106770609,82.1743072220648,17.454702264128972,3.363343192589098,0.0
10.0,1.0,3.4000000000000017,0.4242872689845448,83.79309663110732,16.19392415363061,3.4641056628574582,0.0
10.0,1.0,3.5000000000000018,0.42140014588149777,85.30166293946618,14.83913659854144,3.5611148128472427,0.0
10.0,1.0,3.600000000000002,0.41821904950617717,86.7104827698552,13.366001848689958,3.653864955920448,0.0
10.0,1.0,3.700000000000002,0.41474281932196105,88.03843292895928,11.74164407011712,3.7418039141544353,0.0
10.0,1.0,3.800000000000002,0.41096585456502405,89.30752332336557,9.923210077826946,3.8243078360309886,0.0
10.0,1.0,3.900000000000002,0.4068771212768501,90.53567199807853,7.859276969034834,3.9006555666970004,0.0
10.0,2.0,0.0,0.4069638009049795,13.998696530920132,22.42330105580706,0.1689312217194579,1.2231070889894484
10.0,2.0,0.1,0.41172110620553626,14.815123873597894,22.467674496906913,0.2725160939700831,1.2127597538572723
10.0,2.0,0.2,0.4164789419755737,15.720395396561928,22.420195568079244,0.38152659142180484,1.201945104059018
10.0,2.0,0.30000000000000004,0.4212191395075848,16.74863936118009,22.267849544547623,0.4961684724485665,1.1906178965878076
10.0,2.0,0.4,0.42591784214958833,17.939539945946773,21.99727685083757,0.6166024128866632,1.17878685579932
10.0,2.0,0.5,0.430544687118762,19.326526139212906,21.59510546838653,0.7429189288070364,1.1665291201756207
10.0,2.0,0.6,0.4350635669018156,20.92602628825327,21.04831315522826,0.8751114970775651,1.1539988385739348
10.0,2.0,0.7,0.43943485063757953,22.736336648039135,20.34443929535629,1.0130570056500452,1.141421737969118
10.0,2.0,0.7999999999999999,0.4436178051683608,24.73392882820338,19.471417598310936,1.1565092140220743,1.1290707130924054
10.0,2.0,0.8999999999999999,0.4475734985262965,26.882898820212684,18.416668621211677,1.305110295838489,1.1172262960288353
10.0,2.0,0.9999999999999999,0.45126641826522446,29.16362563290747,17.163897572193417,1.4584126868558476,1.106131012685223
10.0,2.0,1.0999999999999999,0.4546621800646793,31.581808953995,15.687386044507992,1.6158831136329153,1.0959488584409471
10.0,2.0,1.2,0.45772369071333163,34.153126413509575,13.945531344564353,1.7768820526932436,1.0867339238524047
10.0,2.0,1.3,0.46040883750784645,36.88374979804565,11.872816491605088,1.9406355169084797,1.0784013762854552
10.0,2.0,1.4000000000000001,0.4626701040782791,39.76033670780173,9.372363485506376,2.1062092909350643,1.0706875335144042
10.0,2.0,1.5000000000000002,0.46445496096930416,42.7475436087377,6.331653788511583,2.272481268116999,1.0630690069029318
10.0,2.0,1.6000000000000003,0.4657077986136256,45.78957580569395,2.6998161212036114,2.4381263014451866,1.0545774882586774
10.0,2.0,1.7000000000000004,0.46637725807160674,48.828804632699764,0.0,2.6016732749728075,1.0435023314813192
10.0,2.0,1.8000000000000005,0.46652806008980935,51.82966456440014,0.0,2.763325229492464,1.0286168426879412
10.0,2.0,1.9000000000000006,0.4663521627178576,54.78385642212247,0.0,2.925467092294099,1.0113809884535092
10.0,2.0,2.0000000000000004,0.46585244734907594,57.6768546264561,0.0,3.0875898965012056,0.9917095569010668
10.0,2.0,2.1000000000000005,0.4650335282966287,60.487576463964615,0.0,3.249158945312145,0.9695372042962613
10.0,2.0,2.2000000000000006,0.4639024769505442,63.18762661814879,0.0,3.4096242328225688,0.9448238206928882
10.0,2.0,2.3000000000000007,0.46246961875517795,65.74987086292242,0.0,3.568436918905683,0.9175606080931581
10.0,2.0,2.400000000000001,0.46074834323509584,68.16025324368259,0.0,3.7250611016338495,0.8877708936783152
10.0,2.0,2.500000000000001,0.45875358646429604,70.41667515512957,0.0,3.8789733265668924,0.8555025430109905
10.0,2.0,2.600000000000001,0.45650046804899985,72.51606380970762,0.0,4.029660638037241,0.8208196016448913
10.0,2.0,2.700000000000001,0.4540043951420892,74.45215240578759,0.0,4.176631929869479,0.7838016690614485
10.0,2.0,2.800000000000001,0.45128141540864464,76.22853526750465,0.0,4.319432442369928,0.744544689649405
10.0,2.0,2.9000000000000012,0.448347129324707,77.86446925427364,0.0,4.457640211919297,0.7031524095730486
10.0,2.0,3.0000000000000013,0.4452149799120441,79.38719161241782,0.0,4.5908492335845725,0.6597231967972216
10.0,2.0,3.1000000000000014,0.4418953972115091,80.82230886501998,0.0,4.718657285765323,0.6143423130452819
10.0,2.0,3.2000000000000015,0.43839599200708845,82.18857020344241,0.0,4.840664958985039,0.5670816791049993
10.0,2.0,3.3000000000000016,0.43472231092375485,83.49728711351766,0.0,4.956483104766353,0.5180041126286468
10.0,2.0,3.4000000000000017,0.43087864702735446,84.75438209326987,0.0,5.065743225017709,0.4671684503136865
10.0,2.0,3.5000000000000018,0.42686862452173324,85.9630253602353,0.0,5.1681064677140025,0.4146333718438828
10.0,2.0,3.600000000000002,0.4226954979653314,87.12570889201228,0.0,5.263269249116827,0.3604593337734827
10.0,2.0,3.700000000000002,0.41836222925806116,88.24536681203979,0.0,5.350965394893877,0.3047089783547818
10.0,2.0,3.800000000000002,0.4138714458279506,89.32563042745139,0.0,5.4309657532141715,0.24744673661921485
10.0,2.0,3.900000000000002,0.4092253724618088,90.37055714200412,0.0,5.503076544225623,0.18873829504858733
